{"train_loss": {"total": [2.6342449880415395, 2.0183865577943862, 1.850417689354189, 1.74537069489879, 1.678841673174212, 1.633852804860761, 1.604160544180101, 1.5818096706944127, 1.5663460162378127, 1.5531988728430963, 1.5426094862722581, 1.5374405072581383, 1.5295992735893496, 1.5288182412424396, 1.5286582462249263, 1.5307432328501056, 1.5310481348345357, 1.5316525609262528, 1.5371379629258186, 1.5397679532727888, 1.5431894279295397, 1.5492862047687654, 1.5552930408908474, 1.5620000416232693, 1.563931961982481, 1.5653519861159786, 1.5690451856582395, 1.5632027306864338, 1.5571289535491697, 1.5433025064006929, 1.5315244132472623, 1.5170415835995827, 1.4989435295904836, 1.4823815818755857, 1.468840564835456, 1.4553554723339697, 1.4397162768148606, 1.4276137267389606, 1.427518844219946, 1.4341925421068746, 1.4405979452594635, 1.4528947030344317, 1.456992986894423, 1.4586240499250351, 1.4580044609885061, 1.456564659457053, 1.4513350984742563, 1.4510759259423902, 1.4448983377025972, 1.4455011613907354], "classifier": [0.6148754533260099, 0.45689377380955604, 0.35070562093488633, 0.2774144302452764, 0.2336349208989451, 0.20856611079746676, 0.1939411212119364, 0.18655543598917224, 0.1821029388616162, 0.18044707018040843, 0.1794814714500981, 0.18032436933248275, 0.18070934799409683, 0.18208998098008095, 0.18411482954698224, 0.18714857803237053, 0.18979914566922573, 0.1931184511030874, 0.19597849519022048, 0.20013847504892657, 0.2042539987592928, 0.20935417867956624, 0.21459090599129277, 0.2190062625754264, 0.22367245014156065, 0.22608647908895246, 0.22830832333814713, 0.22979992089733, 0.23049820075112004, 0.22848495504548472, 0.22783760101564468, 0.22662692786224425, 0.22434170397539294, 0.22355744728157598, 0.2235159090930416, 0.2240767919007809, 0.2246154824812566, 0.22683904399314234, 0.23382492379075095, 0.24169964653349693, 0.2496559125761832, 0.2589695021269783, 0.26428856969841064, 0.26834487454785455, 0.27030179695256296, 0.2730547656575518, 0.2750692348326406, 0.2757347401952551, 0.27720260621318893, 0.2784135419875383], "box_reg": [0.03773488745960828, 0.03283489986398866, 0.03246047346943787, 0.0342622644083965, 0.0368675204143191, 0.03896372074258022, 0.043087510645108844, 0.04584455291455191, 0.05004025248430656, 0.05262114704274873, 0.05624912571472505, 0.06121455789012074, 0.06486875753465528, 0.07111875789811282, 0.0777112786637806, 0.08436144947653144, 0.08986659798182729, 0.09426276313333215, 0.10046973754343203, 0.10602982057711004, 0.11240968968275176, 0.12026070500682944, 0.1261998949041886, 0.13415942585395954, 0.1409357741691741, 0.14647421682119227, 0.15323681994918698, 0.15749569506503663, 0.16265100331088875, 0.16314781684507784, 0.16696353006993905, 0.16946712781186027, 0.17117324952437962, 0.17364186702989468, 0.1784287854396802, 0.18611775982820788, 0.19311951840493075, 0.20307354555468096, 0.21954981569304496, 0.2407329324778637, 0.2615991837879729, 0.28514005908533185, 0.3018656959964691, 0.3159918875533021, 0.32707794332696544, 0.3359645349225649, 0.34371032942369983, 0.3490853315129155, 0.35437291618469435, 0.3617011857912369], "mask": [1.2194195051347057, 0.7689160860353901, 0.7089476727670239, 0.6769664177971502, 0.6536274644636338, 0.6334797503486757, 0.6163995815861609, 0.6009516331457323, 0.5880126728165534, 0.5760516983847465, 0.5657452539090188, 0.557450859969662, 0.548549263131234, 0.5431755977292214, 0.5377650632012275, 0.5332913952489053, 0.5289274759830968, 0.5255969293655888, 0.5259889648806664, 0.5229041359116954, 0.520745474100113, 0.5183493871842662, 0.5186278656605752, 0.5184360454159398, 0.5160021199334053, 0.5159477297336824, 0.5180735036250084, 0.5151515785724886, 0.5128482064893168, 0.5101367463988643, 0.5071898423856305, 0.5045783117894204, 0.5016497315899018, 0.501316302245663, 0.5004106750411372, 0.4996654308611347, 0.4984996255367033, 0.5000296809980946, 0.5013343330352537, 0.5043645289636427, 0.5047290605883444, 0.5073696515252514, 0.5064712212931726, 0.5056104736943399, 0.5036275300287432, 0.5016631703222951, 0.4985565335519852, 0.4982225268117843, 0.4934530390847114, 0.4930908178129504], "objectness": [0.697072696685791, 0.694926780269992, 0.6935448158171869, 0.6919772367323599, 0.6900404518650424, 0.6881822893696447, 0.6861660211317001, 0.6838886541704978, 0.6815766269160856, 0.67943333079738, 0.6765776265052057, 0.67397774804023, 0.671066564513791, 0.6680839627019821, 0.6647909479756509, 0.6616558678688541, 0.6582627265684067, 0.6544340091366921, 0.650542918328316, 0.6462645492246074, 0.6415065373143842, 0.6370177072863425, 0.6317283195834006, 0.626241906227604, 0.6191668168190987, 0.6126534911894029, 0.6053551946916887, 0.596730851742529, 0.5871241204200253, 0.5774264151050198, 0.5654266911168252, 0.5525070373089083, 0.5377563845726752, 0.520047911136381, 0.5024969560484732, 0.48157999861624934, 0.45960487281122514, 0.43390215308435504, 0.4088241498316488, 0.3834903012360296, 0.36091352653118874, 0.337576451320802, 0.3205158814307182, 0.30490121851044316, 0.2932092812753493, 0.2820178725546406, 0.27029170254545826, 0.2643969407004695, 0.25615841289681773, 0.24860167335118016], "rpn_box_reg": [0.06514244817672372, 0.06481501925905656, 0.06475910033125641, 0.06475034530683901, 0.0646713211332568, 0.06466093732385836, 0.06456630436136507, 0.0645693883235987, 0.06461352838819186, 0.06464562025390595, 0.06455601486152097, 0.06447297571350881, 0.06440533435520446, 0.06434994770059993, 0.06427612556257255, 0.06428594520154049, 0.06419218433401247, 0.06424040968901658, 0.06415783704724162, 0.06443097990178953, 0.06427372135728929, 0.0643042305766064, 0.06414605601833412, 0.06415640149028942, 0.06415479946656212, 0.06419005765478247, 0.06407135153722558, 0.06402467904638709, 0.06400742666427828, 0.06410658112182582, 0.06410674087631876, 0.06386218178161089, 0.06402246174609079, 0.06381805981284068, 0.06398824123785861, 0.06391549516495527, 0.0638767797815343, 0.06376931075769056, 0.06398563173265316, 0.06390513304636003, 0.06370026662761737, 0.06383903279126953, 0.06385162483070857, 0.06377560287008002, 0.06378790589665333, 0.06386431329601985, 0.06370729326679853, 0.0636363816684142, 0.06371136461178051, 0.06369394118664787]}, "val_loss": {"total": [2.6847873384302314, 2.420910661870783, 2.322280905463479, 2.254225091500716, 2.2119259292429145, 2.1835829669779, 2.1682459766214546, 2.1551739302548496, 2.1481354236602783, 2.147603403438221, 2.1451058821244673, 2.1238668181679468, 2.1274792931296607, 2.1209581440145318, 2.120132717219266, 2.113632234660062, 2.1215945915742354, 2.119336182420904, 2.1308803775093774, 2.139050104401328, 2.141975305297158, 2.1604827642440796, 2.15002995187586, 2.152389548041604, 2.1399581757458774, 2.1472397934306753, 2.146992098201405, 2.1308764652772383, 2.14594980803403, 2.1347868659279565, 2.127136772329157, 2.1208309802142056, 2.1225702979347925, 2.1153189594095405, 2.1194065050645308, 2.1047291430560024, 2.101838534528559, 2.087868191979148, 2.084363829005848, 2.0955478819933804, 2.1064562905918467, 2.103004119612954, 2.143402999097651, 2.1727627515792847, 2.2042441151358863, 2.2121082110838457, 2.2295546531677246, 2.2243998592550103, 2.2321479970758613, 2.2512929114428433],