{"train_loss": {"total": [1.0291238188743592, 0.6610782045510507], "classifier": [0.2232714436107105, 0.1469338259990177], "box_reg": [0.4003862552344799, 0.25795292619976307], "mask": [0.24434733621535762, 0.18306712714895126], "objectness": [0.10010932822028296, 0.026213763641276127], "rpn_box_reg": [0.061009454992416716, 0.04691056185927723]}, "val_loss": {"total": [1.26523879441348, 1.1987281875176863], "classifier": [0.2826987979086963, 0.257636847821149], "box_reg": [0.46252996542237024, 0.43080264600840484], "mask": [0.26192919368093665, 0.2500451139428399], "objectness": [0.09854975613680753, 0.1210113875567913], "rpn_box_reg": [0.15953111174431714, 0.13923218710856003]}, "best_val": {"model_val": [1.26523879441348, 1.1987281875176863], "epoch": [1, 2]}}