{"train_loss": {"total": [1.6605263192807473, 1.4163339139953737, 1.2120871186256408, 1.1684261973827117, 1.0578328284525103, 0.9798339133301089, 0.9271236593684843, 0.8628818206248745, 0.8144869267940521, 0.786039976919851, 0.7536204165027988, 0.7034704499667691, 0.6894150622429386, 0.6693749308586121, 0.6563882984461323, 0.6575142920017243, 0.6006576136235268, 0.5895181669823585, 0.5858709447806881, 0.5904678158221707, 0.5678686864914433, 0.5485011743922388, 0.538830060968476, 0.5413681394630863, 0.5204707710012313, 0.49728396592601654, 0.5128864904565196, 0.4833558013842952, 0.4788875303441478, 0.4700736084772694, 0.4664932399988174, 0.4536047173123206, 0.45428280532360077, 0.4479716132244756, 0.4393362046730134, 0.43520545195187293, 0.42979433632666064, 0.4098601345573702, 0.4066222706629384, 0.3965196329739786, 0.4015410418952665, 0.405884100689042, 0.3865951017025978, 0.378357960235688, 0.38049141221469446, 0.4086006890862219, 0.3760992815417628, 0.3752867577056731, 0.36179168935744993, 0.3492061351095476], "classifier": [0.31826596505218935, 0.2867105193045591, 0.2197428307946651, 0.24680482993322994, 0.23206220092552324, 0.22225640934080848, 0.2124615119710084, 0.2007356768714324, 0.1929718163104788, 0.18096299404578825, 0.17707005533119363, 0.16570876764674342, 0.15989814648825315, 0.15498132902167497, 0.15528751450080064, 0.15270892694111793, 0.13918981627230684, 0.13588221084566848, 0.13519806419048577, 0.1371221171391587, 0.1308595460494079, 0.12711739947779044, 0.12474575104912923, 0.12852687300933946, 0.12141218823831408, 0.11478896960015258, 0.1184349806678872, 0.11299914014075071, 0.10954681905136714, 0.10937631323092407, 0.10638458311197257, 0.10345862514279303, 0.10208939858261616, 0.10394614453337366, 0.09888895317130993, 0.09575673669816986, 0.09689999736785408, 0.09096019838095433, 0.09286459306885879, 0.08792531777984433, 0.08937635909796002, 0.09289488673150059, 0.08539072849577473, 0.08419827397972826, 0.08344707971799277, 0.09058632574479787, 0.08194212840209084, 0.08397506385545937, 0.0803378061331328, 0.07599349935208598], "box_reg": [0.30696618101924433, 0.4421188923446959, 0.44416809810021324, 0.47061520254750167, 0.4343932596425856, 0.4054085993117863, 0.38630842429495627, 0.35377917378660173, 0.3295488835342469, 0.31754167418806784, 0.30356261066852075, 0.28079510827458676, 0.2768374849711695, 0.27175210586959314, 0.26573125536163006, 0.26856182338970325, 0.23876601721370413, 0.23670791141808994, 0.23507226761430502, 0.23763273456884967, 0.2284110845697503, 0.21655555407126104, 0.2143590758224168, 0.21383017438553995, 0.20400406756107844, 0.19389283313385902, 0.20118562586365207, 0.18508665235412697, 0.18452580722589645, 0.1798185726026854, 0.17747581501701667, 0.1737469739190513, 0.17618776175283615, 0.16775715709213287, 0.16982935242234698, 0.16536630507438413, 0.1613671378563008, 0.15273582919110212, 0.1496844563693289, 0.1468058305462041, 0.14964532356769328, 0.1509295516947825, 0.14183170636214557, 0.13756851985930435, 0.13963432779475565, 0.14792778072878718, 0.13754232053554827, 0.1365767857991159, 0.12943281362193726, 0.12433735986330337], "mask": [0.5921261068313353, 0.46583354309681924, 0.37858223501713045, 0.32593495720817195, 0.29111156530918614, 0.2605639950883004, 0.24540066603691346, 0.2332874586024592, 0.22220285381040267, 0.2206116541739433, 0.21128276634600854, 0.19956397606480505, 0.19687236119662563, 0.19179269772383475, 0.1886293769363434, 0.1882482922846271, 0.1809632122516632, 0.17689891957467602, 0.17503342287194346, 0.1770238720601605, 0.17084071626586297, 0.16787457201750047, 0.16670828586624514, 0.16555922026595762, 0.16331463763790746, 0.15943580861053158, 0.1604942237177203, 0.15763196498155593, 0.15833221289419358, 0.15453277864763815, 0.15518894402250166, 0.1516843325188083, 0.15135420128222435, 0.15151645305656616, 0.14763322063992101, 0.1486250754806303, 0.14803000260745325, 0.14548066820829145, 0.14277050216351786, 0.14152579086442146, 0.1425588544097639, 0.14145321850815126, 0.13963782047071766, 0.13726070936649076, 0.13763072207089394, 0.14631670203901107, 0.13602040885917602, 0.1354520561714326, 0.13473653144413425, 0.13273278566137436], "objectness": [0.3793113093943365, 0.1602683225826871, 0.11339290014077578, 0.07434047406178809, 0.05406233558220969, 0.04578224759203412, 0.040315082929878225, 0.035663227528341175, 0.03062872039492152, 0.026948706251982178, 0.02729385925734776, 0.021606780296415017, 0.021509617568470626, 0.020067038816341663, 0.01697517829579151, 0.016587635127859445, 0.014516902751676107, 0.014594717185724632, 0.013464588503707239, 0.013844822478178333, 0.013251320371097292, 0.013204499595221639, 0.011197061936001129, 0.01069515056092754, 0.01097441193484091, 0.009459083899855614, 0.011233981293058136, 0.009037767389083691, 0.008398828631353324, 0.007839471775655363, 0.009904601125092614, 0.0081808607711038, 0.00806154792273094, 0.008987737902568751, 0.0065127927518915385, 0.007194740018020375, 0.007773801215291549, 0.007239065434295034, 0.006877627997088101, 0.006394573604519528, 0.006442554714263796, 0.006327359659201559, 0.006681218487609576, 0.006799962437270874, 0.006416783101485635, 0.009005812855320983, 0.006091235387130808, 0.006367840808836204, 0.00572019780988006, 0.004552427829924367], "rpn_box_reg": [0.06385674403356989, 0.0614026335276468, 0.05620104947142423, 0.05073074018507595, 0.04620347165093276, 0.045822654520593316, 0.04263797606845694, 0.039416290863993064, 0.03913465778530207, 0.03997494811774231, 0.03441112219248504, 0.035795817003236155, 0.03429745161725629, 0.030781764044818815, 0.02976497755218823, 0.0314076113258066, 0.027221666619340296, 0.02543441025459728, 0.02710260476864454, 0.024844270791141577, 0.02450601656527426, 0.02374915258969263, 0.02181988614413586, 0.022756721091847735, 0.020765463651215184, 0.019707268059292186, 0.02153767900299206, 0.018600276808959485, 0.018083864071823268, 0.01850647026871992, 0.017539292620597648, 0.016533924424760288, 0.016589900534323063, 0.015764119553768392, 0.01647188631899142, 0.018262592542657417, 0.015723396934293803, 0.013444374541793348, 0.014425090775236436, 0.013868117992305704, 0.013517949890522305, 0.01427908715709383, 0.01305362638097816, 0.012530493590196373, 0.013362498657261312, 0.014764066171623961, 0.014503189570713138, 0.01291500714496285, 0.011564341835436344, 0.011590062618216185]}, "val_loss": {"total": [2.2553034262223677, 2.0534189397638496, 2.012512196194042, 1.7879447070035068, 1.667421200058677, 1.6839960271661931, 1.657239848917181, 1.5830790346319026, 1.552880428054116, 1.5820987766439265, 1.477196129885587, 1.4705991744995117, 1.4810495268214832, 1.4249407811598345, 1.4591995152560147, 1.3991761803627014, 1.4173563827167859, 1.41338819807226, 1.430900595404885, 1.417393218387257, 1.3808147798884998, 1.4442646503448486, 1.4000344764102588, 1.4848854433406482, 1.4131302400068804, 1.401336052201011, 1.4996757615696301, 1.4029843753034419, 1.347496287389235, 1.363972999832847, 1.3933209668506275, 1.4253689592534846, 1.4130598306655884, 1.4549872983585705, 1.3888599384914746, 1.4284336133436724, 1.4359231970526956, 1.5289230996912175, 1.4400592717257412, 1.3942586725408381, 1.4397621371529319, 1.370396841656078, 1.4037343046881936, 1.396210258657282, 1.4326897859573364, 1.4266679937189275, 1.4172608202153987, 1.4435357505624944, 1.3838346979834817, 1.4866165031086316],