{"train_loss": {"total": [2.355643109352358, 1.8072698900776525, 1.6631917353599301, 1.5979001583591583, 1.562552276734383, 1.5457105063622998, 1.5348529038890715, 1.5349467365972458, 1.5406195840527934, 1.5472931692677159, 1.5640190039911577, 1.5824160379748191, 1.5976034979666434, 1.599085743196549, 1.5916146393745176, 1.5725187420845033, 1.5401500536549475, 1.5120821022218274, 1.4837648430178243, 1.4899105141239781, 1.4893448614305065, 1.4820014015320808, 1.4672979174121734, 1.459005428129627, 1.4567063546949817, 1.4569782247466425, 1.4581614121314017, 1.466102918117277, 1.464083336630175, 1.4636844585018773, 1.4613961567801814, 1.459365524207392, 1.4529541290575458, 1.453039013954901, 1.4429196278895102, 1.4351350736233497, 1.4301717654351265, 1.4317089136569732, 1.4212880399919325, 1.4172613739967346, 1.4100095129782153, 1.405237583191164, 1.394655599517207, 1.3940785721425086, 1.3901677125884642, 1.3837333631130957, 1.3771587561215124, 1.3716578699888722, 1.363670333931523, 1.3572235718850167], "classifier": [0.5472289289197614, 0.32346591665860147, 0.22614267449225148, 0.19392426619606634, 0.1831155381856426, 0.18301546052098275, 0.18358564352796924, 0.18867382669160443, 0.19543151074359494, 0.20319312278541826, 0.21234643620348745, 0.22439853863850717, 0.2354418837014706, 0.24139017191144727, 0.24310290159717682, 0.2434095692730719, 0.24007563268946064, 0.24079912845646181, 0.2429005582726771, 0.25695585882471456, 0.2677669221355069, 0.2736167065558895, 0.2754512253427698, 0.277099555045847, 0.2806063797685408, 0.2841360369877469, 0.28877068967107805, 0.2942719469628026, 0.296006983614737, 0.29927386609056306, 0.3014803841710091, 0.30292441929059644, 0.30268060519329965, 0.3049077051541498, 0.30361935671779416, 0.30235838462268155, 0.30189025435716876, 0.30277823004270754, 0.30121996888229924, 0.2995150848562198, 0.29766834801243197, 0.2972983334874434, 0.29601680774602196, 0.29547198817374243, 0.2946679813186488, 0.29372089894548536, 0.29188540105617816, 0.2914866362488078, 0.2894107022352757, 0.28796515255685773], "box_reg": [0.0362656088956658, 0.03430003666637217, 0.038822919123683075, 0.04524441585247499, 0.05121140557300438, 0.06089988221851414, 0.0716845501078135, 0.08376308089635483, 0.09723517554756977, 0.10967594036844656, 0.12538966804481347, 0.1419757086653619, 0.15970051339271218, 0.17324803664988364, 0.18473158164340403, 0.19300425325664916, 0.1992128174051158, 0.21091239728491692, 0.2268404502928118, 0.26704133773328653, 0.3007339796558822, 0.3258726560774038, 0.3392119625660745, 0.352718527092328, 0.36554493452933984, 0.3784055402777965, 0.38962083701701505, 0.40442875884642315, 0.4112976900279811, 0.41820217596856135, 0.42392315056415336, 0.43040280116852486, 0.4324196304518057, 0.4396123537216842, 0.4385758973346392, 0.4382664627706324, 0.44216045139680404, 0.44840013037018867, 0.446801319942742, 0.4504350954164458, 0.45059779951838974, 0.45054682998982776, 0.4491573270391523, 0.45169028039235853, 0.453919695276108, 0.45280179079770366, 0.4535202324769231, 0.4533762155699679, 0.4511207335719636, 0.4499113784829763], "mask": [1.0111459372505065, 0.6922826203607744, 0.6442262041953302, 0.6088496531209638, 0.5829651457648124, 0.5618079987264448, 0.5455160412096208, 0.5349106109911396, 0.527490432031693, 0.5217925227457477, 0.5224101372303501, 0.5229889077524985, 0.5223217654612756, 0.5192767771982377, 0.5168980485008609, 0.5127782790891586, 0.509130334661853, 0.5070534756106715, 0.5081726222268996, 0.5132207993538149, 0.5134967878941566, 0.512549062121299, 0.5067820566315805, 0.5031619458429275, 0.49692573970363985, 0.4932041500845263, 0.48653414633966263, 0.48218038389759676, 0.47636933211357363, 0.470567580961412, 0.4660664314223874, 0.4609715605935743, 0.45621706247329713, 0.4510215861182059, 0.44655683675119956, 0.44323479571650104, 0.4378936481091284, 0.43450811630295166, 0.43006447332520636, 0.42701545848000433, 0.4227438019167992, 0.4210304873604928, 0.4164870559207855, 0.41433463586914926, 0.41089619032798275, 0.40834695764126316, 0.40497303633920606, 0.40183085760762616, 0.39933233818700237, 0.39660423215358487], "objectness": [0.6960478874944871, 0.6926187849813892, 0.6893484042536828, 0.6852482899542778, 0.6807361541255827, 0.675467469615321, 0.6697337681247342, 0.66324612978966, 0.6562114646357875, 0.64846333419123, 0.6396115537612669, 0.6289345845099419, 0.616127295263352, 0.6011208988005116, 0.5829065757413064, 0.5593378932245316, 0.5278789047271975, 0.48943521688061375, 0.44190916822802634, 0.3887716998977046, 0.34352976401006025, 0.3061446124507535, 0.2820531718673245, 0.2622366558640234, 0.24982026916357777, 0.23768496854651358, 0.22959423776595822, 0.22169776479563405, 0.21695579424981148, 0.21230090140335023, 0.2067059314779697, 0.20197778514796688, 0.19858267700239535, 0.19447088102179189, 0.19130419653750236, 0.18854574873562782, 0.18555049825339548, 0.18349598209944465, 0.1807357473238822, 0.1779316053275139, 0.17677559363505532, 0.1743761796504259, 0.17101978806238022, 0.17081610822389204, 0.16898126332990585, 0.16718589754835253, 0.1652939929356498, 0.16353539009127885, 0.1623527154686951, 0.16152709978482416], "rpn_box_reg": [0.06495475805507252, 0.06460253316702531, 0.06465152547781115, 0.0646335307914283, 0.06452402399060497, 0.06451969838010208, 0.06433290048622556, 0.06435309040994804, 0.0642509893215667, 0.0641682498096939, 0.06426120797667893, 0.06411828622916683, 0.06401204128558147, 0.06404986677357116, 0.06397553498635158, 0.06398874116580813, 0.06385236192445812, 0.06388187078991905, 0.06394203886701424, 0.0639208220653311, 0.06381740137923418, 0.06381836864165961, 0.06379950884541857, 0.06378874818497758, 0.06380903439449838, 0.06354753084972711, 0.06364149756188835, 0.06352405825089062, 0.06345354244676268, 0.06333992826590885, 0.0632202641073344, 0.06308895034223584, 0.06305414582771669, 0.06302648257734554, 0.06286334158616111, 0.06272969160213947, 0.0626769135850707, 0.06252644811381376, 0.062466538394425786, 0.06236413089265566, 0.062223968500526805, 0.06198575123806574, 0.06197462971209578, 0.06176555934812753, 0.06170258379631465, 0.06167781912503884, 0.06148609424708411, 0.0614287780259826, 0.061453840861495045, 0.06121569848807168]}, "val_loss": {"total": [2.4166664426976983, 2.259370066902854, 2.1830906867980957, 2.149922392585061, 2.144048398191279, 2.1412179361690176, 2.1227006261998955, 2.128893808885054, 2.1343015649101953, 2.1552484035491943, 2.1628569798036055, 2.17070303180001, 2.1745922457088125, 2.1876555247740312, 2.1833780895579946, 2.16652495210821, 2.155772165818648, 2.13561352816495, 2.1318306055935947, 2.140114762566306, 2.1939697265625, 2.227032845670527, 2.2621619484641333, 2.2668348117308184, 2.265173001722856, 2.265715631571683, 2.271040764721957, 2.292339715090665, 2.2961729873310435, 2.281672726977955, 2.2913473519411953, 2.267654711549932, 2.2669053186069834, 2.2445332895625723, 2.254492673006925, 2.2367065386338667, 2.2316719618710605, 2.2224739248102363, 2.2141929214650933, 2.2279927080327813, 2.229179869998585, 2.2035368355837734, 2.1975961056622593, 2.1973271695050327, 2.1928317113356157, 2.2002318555658515, 2.1912224942987617, 2.1996492472561924, 2.177467692982067, 2.1777004328641025],