{"train_loss": {"total": [1.2200810284383836, 0.7601754726902131, 0.6766210295500293, 0.6262293403187106, 0.6036093445554856, 0.5716254549641763, 0.5488592621780211, 0.5286901612435618, 0.5073281702976074, 0.4960608418910734, 0.4837060487078082, 0.47146688291142064, 0.46050334784292407, 0.4509247778884826, 0.4411706842241749, 0.4372729552849646, 0.42494116050581776, 0.4138880120169732, 0.40835621683828294, 0.4007722010054896], "classifier": [0.27061878365855063, 0.1683396299279505, 0.15472034130605958, 0.14206580566542765, 0.1383834048504791, 0.1302467335135706, 0.12569245438602183, 0.11976405829792061, 0.11361464564237864, 0.11092229465683622, 0.10772751531894169, 0.1048065747795326, 0.10146626426327614, 0.0980703346461298, 0.09616525324301854, 0.09473571932664321, 0.09094308584087318, 0.0875869559845136, 0.08548595704919389, 0.08228222695629923], "box_reg": [0.4906561560087627, 0.2951871735915061, 0.2622636042174793, 0.2433696754757435, 0.23300582083963578, 0.2186486982289822, 0.20823547521666172, 0.20055294241155347, 0.1912211365036426, 0.18550460069410263, 0.18144056071196832, 0.17445975275890482, 0.16970811961519142, 0.16502449917456796, 0.16017925927956259, 0.15693287011836807, 0.15163084046254235, 0.1478402179335394, 0.14579008884067016, 0.14165768123442127], "mask": [0.2743069476658298, 0.20379642166437642, 0.18644459877283343, 0.17888241650596742, 0.17427515498092097, 0.17074573592793557, 0.1663238652771519, 0.16228500224890247, 0.1603072944187349, 0.1578754807672193, 0.1563116136097139, 0.15391816242087272, 0.153674017806207, 0.15140817213443017, 0.14939979535918083, 0.15057731506324584, 0.1486004864977252, 0.14671537986686153, 0.145804580228944, 0.1453423028030703], "objectness": [0.12085455855009176, 0.0370956483736424, 0.023944446546562588, 0.01849717588638962, 0.01719195213536882, 0.014747029639575856, 0.012409271390272132, 0.012159130351586013, 0.010006068821742027, 0.009742697604862417, 0.008078566348887116, 0.00871031308608156, 0.007452576331190592, 0.00791271724601463, 0.007227168435046253, 0.007322553753038524, 0.006446683484383328, 0.006368645584499914, 0.005771358226346849, 0.006143948789541619], "rpn_box_reg": [0.06364458650280158, 0.055756596008746606, 0.04924803642922686, 0.043414269512117416, 0.04075301212198552, 0.03723726140977364, 0.036198196257464586, 0.0339290298881796, 0.03217902761331765, 0.03201576624793937, 0.030147794817540055, 0.02957207943813222, 0.028202369242353597, 0.028509059737822803, 0.02819920834805793, 0.027704497628057594, 0.027320064074721755, 0.025376813318143832, 0.025504238167876236, 0.02534604139601147]}, "val_loss": {"total": [1.4024330269206653, 1.2982917807318948, 1.2651303031227805, 1.263241946697235, 1.2611316063187339, 1.2818068103356794, 1.251667163588784, 1.2553988911888816, 1.229984548958865, 1.294838916171681, 1.250992942940105, 1.285352961583571, 1.2489552877166055, 1.3468573743646794, 1.2942433465610852, 1.2787059924819253, 1.2901250882582231, 1.3132202191786333, 1.3216169693253257, 1.32193077694286], "classifier": [0.29079369523308496, 0.2602574324065989, 0.2762902230024338, 0.2611052231355147, 0.2743881480260329, 0.271746810186993, 0.26233821700919757, 0.26656852798028424, 0.2606827806342732, 0.2688576579093933, 0.2581411166624589, 0.262065899643031, 0.24551608210260217, 0.25504093955863605, 0.25397274033589795, 0.2569050843065435, 0.2529039206829938, 0.268141281875697, 0.2528319778767499, 0.260252674872225], "box_reg": [0.49122072620825336, 0.4499621906063773, 0.4383935711600564, 0.43269114060835406, 0.43801373785192316, 0.4295475726777857, 0.4156651903282512, 0.4236786392602054, 0.41571908647363837, 0.42287771810184827, 0.41743667830120434, 0.42117046226154675, 0.41721273823217914, 0.41514733162793244, 0.41951182213696564, 0.40731611306017096, 0.40160512111403723, 0.417421663349325, 0.40500532497059216, 0.41000383550470526], "mask": [0.2759027508172122, 0.27056320959871466, 0.24916982379826633, 0.2502493926069953, 0.24811900068413129, 0.2570663812485608, 0.2520406503568996, 0.24723474952307614, 0.24161125719547272, 0.2503049752928994, 0.2381119660355828, 0.24511621621522037, 0.23284667594866318, 0.23931204324418848, 0.24850825559009204, 0.2373753393238241, 0.241172963922674, 0.23797780952670358, 0.23811449923298575, 0.2333540455861525], "objectness": [0.16758745603940703, 0.15736111524430188, 0.1620115072212436, 0.1835349781269377, 0.17041613500226627, 0.19462032565339046, 0.1944082218476317, 0.18871375732123852, 0.18634012138301675, 0.22209330207922243, 0.2145265924998305, 0.22890918464823204, 0.22930615801702847, 0.3060226259245114, 0.24729891045188362, 0.25282109596512536, 0.2672667831859805, 0.26643618009984493, 0.28997502179647033, 0.2876579280604016], "rpn_box_reg": [0.17692839963869614, 0.1601478410038081, 0.13926516778089784, 0.13566123084588486, 0.13019456341862679, 0.12882575731385837, 0.12721488252282143, 0.12920325046235864, 0.12563130496577782, 0.13070527362552556, 0.12277659198099916, 0.12809121710332957, 0.12407363409345801, 0.13133440539240837, 0.12495159696448933, 0.12428835406899452, 0.12717630341649055, 0.12324331362139095, 0.1356901932846416, 0.13066233322024345]}, "best_val": {"model_val": [1.4024330269206653, 1.2982917807318948, 1.2651303031227805, 1.263241946697235, 1.2611316063187339, 1.251667163588784, 1.229984548958865], "epoch": [1, 2, 3, 4, 5, 7, 9]}}