{"train_loss": {"total": [1.74261265723936, 1.5873135366747457, 1.4283229816344476, 1.4824460337238927, 1.468501171758098, 1.425273847003137, 1.3907795729175692, 1.3726658057781957, 1.330425674107767, 1.292310195776724, 1.2673383607018378, 1.229601583557744, 1.1874739777657293, 1.169045864766644, 1.1455728407829038, 1.1353151002237873, 1.1192569029908026, 1.098955084623829, 1.082208115439261, 1.0766114402201867, 1.0596624530130816, 1.042906971035465, 1.036143870122971, 1.0104350377475062, 0.9942629576690736, 0.9761924839788868, 0.9700467648044709, 0.9607108301693393, 0.9462910547371833, 0.9367247046001496, 0.921252427274181, 0.9096800455162602, 0.8953369720328239, 0.8932193842626387, 0.8824176993100874, 0.8721712348922607, 0.8676471387186359, 0.8576314299337325, 0.8446983521023105, 0.8382001914324299, 0.8247874932904398, 0.821108225949349, 0.8099636432624633, 0.8038575980932482, 0.795472119508251, 0.7902590406517829, 0.7854922765685666, 0.7820183877022036, 0.7712843512335131, 0.7623025843212682], "classifier": [0.2829965881522625, 0.23212874005398443, 0.2434758274785934, 0.3157555994487578, 0.31354476297574657, 0.3004671026982607, 0.28915495708464617, 0.28193305281381453, 0.26982350829508034, 0.25868792027956056, 0.25204959195107224, 0.24994649947771141, 0.24549829043868568, 0.2453900739971188, 0.24625301208467254, 0.24427974275163106, 0.24629088789224624, 0.24317458833177244, 0.23846118947671305, 0.2405545694453101, 0.23411867941819853, 0.23300423280846688, 0.23030260141578413, 0.2268712274249523, 0.22285906221837767, 0.21912813435398762, 0.21811116322153998, 0.21621652250328371, 0.21394112386530445, 0.2122979137806162, 0.20840888405519148, 0.20578791821195233, 0.20320998604499524, 0.20298527415481307, 0.2009375200396584, 0.19966947155133372, 0.19525713691067312, 0.19703471694261798, 0.19320011250674723, 0.19418701325212756, 0.1895150580353314, 0.1901698650972497, 0.18738838053278384, 0.18697143892847723, 0.18371033552553384, 0.18504902434445197, 0.1811122647757011, 0.18264579191924102, 0.18078165702041119, 0.17783928419793807], "box_reg": [0.061589129125505064, 0.17866925032930955, 0.2801420910033959, 0.41799224513646727, 0.45518912438623843, 0.47044330503225457, 0.48199203244441907, 0.49416071486437785, 0.5013501554106986, 0.4972355519090929, 0.49151928234477377, 0.4829804042609589, 0.47307049636653953, 0.46754050438833095, 0.46449355627034583, 0.4632846852028442, 0.45794577747583387, 0.4528755234133813, 0.450082149428706, 0.44879563042233067, 0.44407451006193316, 0.43198768765695633, 0.4319283048532182, 0.4224613547084793, 0.41670042841184524, 0.4081721996588092, 0.4049586739871771, 0.40432021355917375, 0.39093221053481103, 0.39126325316967503, 0.3765575858133455, 0.37577644883384625, 0.3688283419176455, 0.3655886699595759, 0.35890028411822933, 0.35538630910938784, 0.35967702988174655, 0.3502242631489231, 0.34520110514375474, 0.3388868390312118, 0.33413514427600366, 0.33350658131943595, 0.32727542687808314, 0.3232420253176843, 0.3205367054670088, 0.3168600532196222, 0.3188046004983687, 0.3127367224303945, 0.30778437450287804, 0.3060064392945459], "mask": [0.6543596156181828, 0.5245459323929202, 0.5200659219295748, 0.48782438693508023, 0.46184351011630026, 0.430125684219022, 0.40779481366757425, 0.39632136254541334, 0.3725429182091067, 0.36352490917328867, 0.36279199863633804, 0.3452633221303263, 0.32803057999380175, 0.3210181286258082, 0.30630658259314875, 0.30627783027387434, 0.29599858541642465, 0.2889011616668394, 0.2834257205647807, 0.28144000537933844, 0.2786626668707017, 0.2778396258431096, 0.27272531755508916, 0.26436219253847676, 0.2600954634047324, 0.25766283956266217, 0.25678512420385113, 0.25152463547645076, 0.25384831236254785, 0.2477674418399411, 0.2512064217559753, 0.24513864579700653, 0.24109392252660566, 0.24437177830165432, 0.24232455025757513, 0.23803234763683812, 0.23740052580833435, 0.2344636389324742, 0.23150323797618189, 0.23120937457969112, 0.2291674867272377, 0.22792337974233012, 0.22549235945747745, 0.22441583107556065, 0.22427326176435716, 0.219966508640397, 0.22132405321444235, 0.22040130731559568, 0.2167538843327953, 0.2146049645639235], "objectness": [0.6792792585588271, 0.5880083833971331, 0.3208252559265783, 0.19769487916942566, 0.17588813917771462, 0.1632078739664247, 0.15183479918707762, 0.14135287443115827, 0.129062410588226, 0.1164200994396402, 0.10621826662531783, 0.09808581846676045, 0.08888873390312638, 0.08435897800260253, 0.07915968448073873, 0.07329920899243124, 0.07166354175687077, 0.06776398564989287, 0.0648400203084513, 0.060936646255093714, 0.05860815869584199, 0.05681380112129714, 0.05811069026747118, 0.0543206503396974, 0.0530076144112935, 0.050057595716639154, 0.049274142637788766, 0.04830402934570767, 0.04770851880912819, 0.04568508285353141, 0.04595270531041728, 0.044163520434766165, 0.043981293993326086, 0.04234493709462244, 0.04240426849461191, 0.04166457711272092, 0.03840811671952026, 0.03908287228776082, 0.038332226744011766, 0.037790992903530655, 0.03623401699982013, 0.03411055078989105, 0.03476227340814207, 0.03451259493670096, 0.03255592907249417, 0.03398952877370551, 0.030171497315431253, 0.03241692082909492, 0.03272087788378309, 0.03062563506959592], "rpn_box_reg": [0.06438805790835872, 0.06396123138087381, 0.06381388470782118, 0.06317892392886983, 0.062035636006734306, 0.06102988773265913, 0.06000297825197659, 0.058897810800361536, 0.057646680037085445, 0.05644171495279748, 0.05475921742280104, 0.05332554303139689, 0.05198588715659665, 0.05073817889018345, 0.04935999966955053, 0.04817362285365591, 0.047358114724873654, 0.0462398288169718, 0.04539904147593094, 0.04488458446613813, 0.0441984373901505, 0.04326162760928949, 0.0430769577581105, 0.04241961748264129, 0.04160039705884335, 0.041171713717912714, 0.04091766261276902, 0.040345431688183456, 0.039860889097936676, 0.03971101104027419, 0.03912683444336102, 0.0388135104263652, 0.038223427051449224, 0.037928727760745753, 0.037851072651392315, 0.03741853003809792, 0.036904329018814734, 0.03682594324129769, 0.03646167534358439, 0.03612597135107799, 0.03573577815813253, 0.03539784809118212, 0.03504519746357185, 0.034715712054223274, 0.034395890433863256, 0.034393927221413656, 0.03407986046997041, 0.03381764596776902, 0.03324355573488227, 0.03322625666703736]}, "val_loss": {"total": [2.166725917295976, 2.0738919431513008, 2.2567320195111362, 2.301053589040583, 2.2011444677006113, 2.1786753914572974, 2.138250567696311, 2.096542651003057, 2.0947283614765513, 2.08484347300096, 2.0649673722007056, 2.022996501489119, 2.0042333602905273, 1.997939651662653, 1.9726999022743918, 1.9268894520672886, 1.9041202718561345, 1.9312006018378518, 1.8885076371106235, 1.880857695232738, 1.8417495597492566, 1.8966937932101162, 1.8629156784577803, 1.8216420737179844, 1.8078573508696123, 1.7731242830103093, 1.7938227653503418, 1.75795316696167, 1.748578667640686, 1.7210819612849841, 1.711038264361295, 1.7555387561971492, 1.7194957516410134, 1.678417823531411, 1.6960014213215222, 1.6474280574105002, 1.6617342558774082, 1.6589555198496038, 1.66099074753848, 1.6357393156398425, 1.6666543375362048, 1.5869150053371082, 1.600980195132169, 1.5711354667490178, 1.6217437982559204, 1.6175714947960593, 1.5944273580204358, 1.5900157581676135, 1.5960093411532315, 1.6115515557202427],