{"train_loss": {"total": [0.9774672491896537, 0.6557882236857568], "classifier": [0.20776670308363054, 0.13824438209375067], "box_reg": [0.33813620704797004, 0.25224434578370664], "mask": [0.23454106180898604, 0.174104764913359], "objectness": [0.11683489275615543, 0.033934112476098593], "rpn_box_reg": [0.08018838042344507, 0.057260618294822055]}, "val_loss": {"total": [1.1877961212938482, 1.1393432833931663], "classifier": [0.24231403117830103, 0.24501742016185413], "box_reg": [0.4280711385336789, 0.40292915430935944], "mask": [0.23707363551313226, 0.2411541004072536], "objectness": [0.11907807805321434, 0.1132267103953795], "rpn_box_reg": [0.16125922379168597, 0.13701590760187668]}, "best_val": {"model_val": [1.1877961212938482, 1.1393432833931663], "epoch": [1, 2]}}