{"train_loss": {"total": [0.6025784878000137, 0.5623347418442849, 0.5202413475321185, 0.5012784430096227, 0.4699404301662599, 0.4546720845564719, 0.42646515479972286, 0.4085345683078612, 0.3952902596323721, 0.38688730419643463, 0.3665575743682923, 0.35890868118693753, 0.34597551313138775, 0.3384051464257702, 0.3296649139254324, 0.32370528939270204, 0.3177903919931381, 0.30950689484034816, 0.307707021697875, 0.30348218371791225], "classifier": [0.13597376150709967, 0.12415148307599368, 0.11413062623732033, 0.10932770182769144, 0.1013875973350819, 0.09603394088185122, 0.08784101782366634, 0.08450762269748074, 0.07970891085363203, 0.07790681260728068, 0.07268940076802767, 0.07054484316087778, 0.0664606480994412, 0.06476865509044259, 0.06209538111673488, 0.06087845107390275, 0.058562669695745556, 0.05753959803241155, 0.05320629783109912, 0.05446561883924709], "box_reg": [0.23704106980754483, 0.21953476620537618, 0.2008474964648485, 0.18753624474329333, 0.17545966290898862, 0.17062059741827748, 0.15774502168379484, 0.14852231360611415, 0.14236639064826792, 0.13969573825597764, 0.12907436130748642, 0.12446633350224265, 0.12000158874678515, 0.11537335147900928, 0.11183332841723195, 0.10883408756025376, 0.10511024291777323, 0.10254225069356541, 0.10278237133977874, 0.10038409377298048], "mask": [0.17242980527300988, 0.16925121930337722, 0.1617372166725897, 0.16149061831735795, 0.15544643613599962, 0.1502774001129212, 0.14788115168771437, 0.14426501335636263, 0.1429704179206202, 0.14095529168844223, 0.13826525653562238, 0.13801685653386578, 0.13496231797241395, 0.13509520422066412, 0.1316793523969189, 0.13186295859275327, 0.13192754455151096, 0.12915693809909204, 0.12919821316196073, 0.12894291454745876], "objectness": [0.01806875948067529, 0.012724311770861894, 0.009328969928743214, 0.00911788216207858, 0.00739555795222963, 0.006991214790850204, 0.005340835442430327, 0.005505828553170079, 0.00618864674650526, 0.004858078482946791, 0.004145874179938537, 0.004309598306956046, 0.0032576520444118, 0.002837654995424131, 0.0035009602565548538, 0.003671801364262797, 0.003410829021325504, 0.002767157794443715, 0.0036396583523759136, 0.0019995354791145442], "rpn_box_reg": [0.039065093128174924, 0.03667296053428154, 0.034197039372027636, 0.03380599504939563, 0.03025117478330597, 0.030748931798303427, 0.027657124384061336, 0.02573379137097471, 0.02405589430144896, 0.023471382215328986, 0.02238268425649186, 0.02157104837067656, 0.02129330300923621, 0.020330278551832195, 0.020555890739671023, 0.018457990425521265, 0.01877910327851667, 0.017500949617052328, 0.01888048042593812, 0.01769001817074534]}, "val_loss": {"total": [1.2997314984148198, 1.2260620214722373, 1.3205640316009521, 1.2894392555410212, 1.313054464080117, 1.3007571426304905, 1.3323895985429937, 1.326596124605699, 1.3157977678559043, 1.3672030784867026, 1.3733229041099548, 1.4500083327293396, 1.430238821289756, 1.3368914344094016, 1.437276926907626, 1.4279710162769665, 1.4538387764583935, 1.3910468058152632, 1.4963420900431545, 1.4716817790811711], "classifier": [0.26909971779043024, 0.2424340613863685, 0.27044473588466644, 0.2633478329940276, 0.25681602683934296, 0.2726663743907755, 0.272974275729873, 0.25946861505508423, 0.2650916278362274, 0.2707019272175702, 0.26098390736363153, 0.27577547458085144, 0.2657580917531794, 0.2861523303118619, 0.282787642695687, 0.28048842738975177, 0.2814225039698861, 0.2695204425941814, 0.2568434896794232, 0.2797451913356781], "box_reg": [0.44021323865110223, 0.3995356857776642, 0.4230947115204551, 0.4195413887500763, 0.42758223143490875, 0.41343661871823395, 0.39238599755547265, 0.40822827274149115, 0.3959754569963975, 0.41129423813386395, 0.41329239173368976, 0.4206513681194999, 0.3975939317183061, 0.3814362477172505, 0.39066552303054114, 0.40522248365662317, 0.40200914307074115, 0.4008696594021537, 0.409101819450205, 0.4046695557507602], "mask": [0.257068395614624, 0.23626306382092563, 0.23895668170668863, 0.24338543279604477, 0.24545653435316953, 0.23361725427887656, 0.23656901039860465, 0.23948927494612607, 0.23689784922383048, 0.22648008980534293, 0.23334811356934634, 0.23659083924510263, 0.2402350049127232, 0.2275782972574234, 0.23074854503978381, 0.22949418967420404, 0.23398381878029217, 0.2357043529098684, 0.239169104532762, 0.2351353561336344], "objectness": [0.2079511819915338, 0.23473551632328468, 0.24639027354053475, 0.23775748400525612, 0.2524552898989482, 0.26109301383522426, 0.30149477026001975, 0.29852061735635455, 0.29591921937059273, 0.327273918654431, 0.33293448286977684, 0.3775587422265248, 0.3876499513333494, 0.321222905238921, 0.40186402608047833, 0.3800393429330804, 0.4029929807240313, 0.3607640764252706, 0.4465339502150362, 0.4114617539400404], "rpn_box_reg": [0.12539895251393318, 0.11309367486021736, 0.14167764003981242, 0.12540714544328777, 0.13074437461116098, 0.11994388259269974, 0.1289655291898684, 0.12088932604952292, 0.12191361256621101, 0.13145290111953561, 0.13276399502700026, 0.1394319019534371, 0.13900183750824494, 0.1205016432160681, 0.13121122189543463, 0.1327265870164741, 0.13343034515326674, 0.12418825721198862, 0.1446937434375286, 0.14066988974809647]}, "best_val": {"model_val": [1.2997314984148198, 1.2260620214722373], "epoch": [77, 78]}}