{"train_loss": [1.3635314149241293, 1.027756134733077, 0.9755679705450612, 0.958370626934113, 0.9361564830426247, 0.9326346858855217, 0.9096906004413482, 0.9041861674477977, 0.9039076472482374, 0.8986480014939462, 0.8932855429187898, 0.895796150353647, 0.8878484037614638, 0.8771148631649632, 0.8835082867453176, 0.886612695071005, 0.882561721628712, 0.877570028074326, 0.8582271163502048, 0.857252564064918, 0.8587123251730396, 0.8644927057527727, 0.8615000569051312, 0.8607301062153232, 0.8495113590071278, 0.8331884687946689, 0.8405071507538519, 0.8275424459288198, 0.833263696393659, 0.8307065475371576, 0.8304271748950405, 0.8255411817181495, 0.8135163131260102, 0.8188847303390503, 0.8091395963584224, 0.8090312012741643, 0.8071434224805524, 0.7944133937358856, 0.7953362995578397, 0.7955418561735461], "validation_loss": [1.5519278157841077, 1.4700462222099304, 1.4361551729115574, 1.40955819866874, 1.3906149105592207, 1.3306441686370156, 1.3971655314618892, 1.363149805502458, 1.4024240103634922, 1.4080757878043435, 1.3939535726200452, 1.3733279000629077, 1.3760660073973916, 1.4570336016741665, 1.356268590146845, 1.4049369042569941, 1.400906270200556, 1.4358702139420942, 1.3989639390598645, 1.4361957907676697, 1.373752474784851, 1.4253202297470786, 1.4227326078848406, 1.4118266322396018, 1.3754348917440935, 1.4040522250262173, 1.4317615248940208, 1.3856249018148943, 1.4077346379106694, 1.4784180088476702, 1.4500025023113599, 1.4318132942373103, 1.4440610733899204, 1.4463918967680498, 1.4716565608978271, 1.4558389782905579, 1.4485379620031877, 1.4767827554182573, 1.5309430035677822, 1.4677640416405418], "epoch": [0, 1, 2, 3, 4, 5, 6, 7, 8, 9, 10, 11, 12, 13, 14, 15, 16, 17, 18, 19, 20, 21, 22, 23, 24, 25, 26, 27, 28, 29, 30, 31, 32, 33, 34, 35, 36, 37, 38, 39], "best_val": [[0, 1.5519278157841077], [1, 1.4700462222099304], [2, 1.4361551729115574], [3, 1.40955819866874], [4, 1.3906149105592207], [5, 1.3306441686370156]]}