{"train_loss": {"total": [0.9852870830605107, 0.6564988778483483, 0.5767394882056021, 0.5129358950161165, 0.47769835187542825, 0.45106649129621446, 0.4177959467134168, 0.39821828103834583, 0.38725172334140345, 0.36574820328143337, 0.36937901637246534, 0.3483784431892057, 0.3425433995742952, 0.31724904270902754, 0.2968412586277531, 0.3175300122749421, 0.30053363966365015, 0.29768895280937996, 0.2915898066855246, 0.2893738111180644], "classifier": [0.21359876877357883, 0.1426178715582336, 0.11980713153438222, 0.10257718834665513, 0.09388503005067186, 0.08696429698818153, 0.08036260232028943, 0.07205106786662532, 0.06872153496369719, 0.063678926884407, 0.06262238997245027, 0.06044722711366992, 0.05729752226672586, 0.05138609248153385, 0.04760809356737281, 0.05170946971573416, 0.049228746059440796, 0.04763117185192964, 0.0472760142255274, 0.04684270385262226], "box_reg": [0.3333414447403723, 0.25290220658625323, 0.2322056576849953, 0.20540851328161455, 0.19008816739003503, 0.17988949786991842, 0.16187982592851885, 0.15624716694076216, 0.1486905194158035, 0.13713889668785756, 0.13824271742374666, 0.1283942127359971, 0.12848337697646312, 0.11332383719423125, 0.10644139518300372, 0.11854473371659556, 0.10749829844721863, 0.11049235292500065, 0.1017061802107961, 0.10227131449407147], "mask": [0.2403833788729483, 0.17500201430051557, 0.15908277448146574, 0.1506052902148616, 0.14314156410194212, 0.13950059358631411, 0.13542197219306423, 0.13363923675590947, 0.13188439225477558, 0.12761685951582846, 0.1286854778566668, 0.124911222174283, 0.12474851033860637, 0.12307758249582783, 0.1196869432205154, 0.11823530000063681, 0.11796424141333949, 0.1173329220183434, 0.11627138932385753, 0.11534927273469586], "objectness": [0.11789533910566881, 0.029513599023958968, 0.01892053108228626, 0.012445931089666462, 0.00945048415350386, 0.00970580468131248, 0.007577289789784822, 0.005908084300326957, 0.005959524741287638, 0.005266409703824226, 0.006643585658328506, 0.0050328259432365395, 0.0051595091359030775, 0.0036338457288102, 0.003120371977351052, 0.003667390822145887, 0.003234381115426884, 0.002769578814061993, 0.0036263984227726696, 0.0032475113736689953], "rpn_box_reg": [0.08006815002675378, 0.0564631896666176, 0.04672339552306502, 0.0418989759653003, 0.041133105880280414, 0.035006297422073514, 0.032554254376032814, 0.030372727204549817, 0.03199575309291475, 0.03204711116953648, 0.033184846911594394, 0.029592954502685086, 0.026854478599618176, 0.025827684817880753, 0.019984453880122953, 0.025373117069266888, 0.022607972739476075, 0.019462927402609267, 0.022709823499298506, 0.021663009359291472]}, "val_loss": {"total": [1.1734664223410867, 1.0968087857419795, 1.1014373194087634, 1.197778512131084, 1.1376674662936817, 1.1701747179031372, 1.1805596134879373, 1.1899220130660317, 1.2207537672736428, 1.148176296190782, 1.174522334879095, 1.2888126590035178, 1.2886530648578296, 1.2917606668038801, 1.2963536815209822, 1.2012121243910356, 1.3321246667341753, 1.3028231154788623, 1.3207537044178357, 1.4190941940654407], "classifier": [0.2453056343577125, 0.23620807040821423, 0.2563719085671685, 0.2645987272262573, 0.22923689132386987, 0.24264535172419113, 0.26384400644085626, 0.24790983376177875, 0.24839850989255038, 0.2509510313922709, 0.2767167470671914, 0.2840880412947048, 0.26715481958606024, 0.27272296764633874, 0.2823462445627559, 0.23052372309294614, 0.27240364118055865, 0.26889377290552313, 0.27130821347236633, 0.2955462648109956], "box_reg": [0.4092978157780387, 0.39412313157861883, 0.39146599715406244, 0.3986418599432165, 0.39818578416650946, 0.39497900009155273, 0.39350241964513605, 0.37348671934821387, 0.394203782081604, 0.3574257357554002, 0.37303403561765497, 0.37451294335451996, 0.3823956982655959, 0.3599033735015176, 0.36245962706479157, 0.3726498159495267, 0.36965022032911127, 0.35823859951712866, 0.3818368667905981, 0.3803056911988692], "mask": [0.22783838483420285, 0.2200972166928378, 0.21444774080406537, 0.21964637799696488, 0.21599556099284778, 0.22369360652836887, 0.22148740562525662, 0.2138457013802095, 0.21580505912954157, 0.22440950978885998, 0.21664879403331064, 0.22381944277069785, 0.22411005605350842, 0.22718905047936874, 0.2255847454071045, 0.22278518703850833, 0.2233821600675583, 0.22327264872464267, 0.22126442735845392, 0.23736739294095474], "objectness": [0.12450635500929573, 0.10819125446406277, 0.09835838611153039, 0.16658229973505845, 0.1593301004137505, 0.17806910367851908, 0.17249148288233715, 0.2136215198446404, 0.23044071651317857, 0.19059210947968744, 0.18627417341551997, 0.273931394923817, 0.2857966461980885, 0.3120733888989145, 0.29266987842592324, 0.24854032729159703, 0.3368606191467155, 0.3311635878953067, 0.3118768280202692, 0.3740920918908986], "rpn_box_reg": [0.16651824184439398, 0.13818912004882639, 0.1407932649281892, 0.14830924299630252, 0.13491914387453685, 0.13078768009489233, 0.12923429025845093, 0.14105825397101315, 0.13190570439804683, 0.12479788369753143, 0.12184857848015698, 0.13246083801442926, 0.12919583544135094, 0.11987187984314832, 0.13329318233511664, 0.12671310691670937, 0.12982802973552185, 0.1212545358999209, 0.13446735895492815, 0.1317827867513353]}, "best_val": {"model_val": [1.1734664223410867, 1.0968087857419795], "epoch": [1, 2]}}