{"train_loss": {"total": [1.6484560630013865, 1.424189430090689, 1.274797668380122, 1.1701488994782971, 1.069845578555138, 0.9830588896428385, 0.9476944109124522, 0.8852474734667809, 0.8383841599187544, 0.7937549990992392, 0.7545516567845498, 0.7290862920784181, 0.7067239269133537, 0.6909035470216505, 0.6667793831036937, 0.6401636140000435, 0.6237477273710312, 0.5985394785481114, 0.6023633718971283, 0.5965108272048735, 0.5847267055223065, 0.5641766683709237, 0.5415491603074535, 0.5374645576361687, 0.5221451982375114, 0.5036360546946526, 0.5099515761098554, 0.497432642598306, 0.4913206582588534, 0.49090397819395987, 0.46974930508482843, 0.46444022203645396, 0.46523254162842226, 0.46666314212545273, 0.44145800490533155, 0.4474368942841407, 0.43296320342248484, 0.42162344003877333, 0.4089259325496612, 0.4168839926200528, 0.4074307571495733, 0.3942113320673666, 0.3955135104636992, 0.38212188256363716, 0.3846313884181361, 0.3991307735923798, 0.3757473280352931, 0.37087202197121033, 0.3551832667281551, 0.3557524943063336], "classifier": [0.3253300590140204, 0.2921958316838549, 0.24835386963621262, 0.2497266939570827, 0.238853419031347, 0.22271004826311142, 0.21923395070818164, 0.2060538605696732, 0.19873063322156667, 0.18699682742477425, 0.1759348053845667, 0.16972807048549576, 0.16422953138488436, 0.15881701494537054, 0.1510081795164414, 0.1469528293507474, 0.14666960549751115, 0.14038180079491389, 0.13672565006681026, 0.13660171954862532, 0.13311121164550704, 0.13121173340947398, 0.12801218602746245, 0.12364622608668381, 0.12118447933706546, 0.11633073507297424, 0.11742618514164802, 0.11355619628372933, 0.11369478669197809, 0.11432574233490854, 0.10830228154757811, 0.10562828211414237, 0.10659532458070786, 0.10566266146638702, 0.0996689893590707, 0.10342045046779658, 0.09817855608228955, 0.09788294301608637, 0.09323655977214296, 0.09733841442653249, 0.09066476064523862, 0.09006180218120496, 0.09163834666532855, 0.0884021279004012, 0.08689913314902374, 0.08817951254726898, 0.08443150362074976, 0.08386392851149843, 0.07698076977995374, 0.07953537383807763], "box_reg": [0.2816184535351274, 0.4415050970196511, 0.45638698348155876, 0.46921908167010595, 0.43289304268696616, 0.40495434518783324, 0.3934570887997266, 0.35535852794325157, 0.3376990414314693, 0.3207756763624568, 0.3043057082521339, 0.2913091853020653, 0.2824821475893259, 0.28091977853928846, 0.2699627545331755, 0.25809489856323886, 0.2502757814923121, 0.23687662382520014, 0.24357049883373322, 0.2415670167354326, 0.23800436811701906, 0.22275973090962056, 0.21284279726565847, 0.21317476877762426, 0.20611641883489587, 0.19593324116881816, 0.20088429251505482, 0.19656279069641905, 0.18988598667445683, 0.19050539358248633, 0.17720777320284997, 0.17798080270388913, 0.17868363854865874, 0.1822160124298065, 0.16861214887110457, 0.16722807303792045, 0.16467114062078536, 0.15859614734447772, 0.15074294830161716, 0.15411288362116582, 0.1496328557751352, 0.14301063360105598, 0.14190069178960496, 0.13616768738495247, 0.13866925670975638, 0.15001882054212112, 0.13501337752827713, 0.13522836906955607, 0.12711637264658365, 0.12652277581153376], "mask": [0.5997597219482544, 0.46798981351237146, 0.3934945162265531, 0.32395392867826645, 0.2915789633989334, 0.26023948423324095, 0.2479460301899141, 0.24481204267471068, 0.22805331748339439, 0.2170212268348663, 0.2114453213830148, 0.2081747680902481, 0.20180372533298307, 0.19733711836799497, 0.1933432244004742, 0.18796889772338252, 0.18374267177235695, 0.17982316742981633, 0.1784481611944014, 0.17897855682719138, 0.1753613543125891, 0.17299866061056815, 0.1670010781095874, 0.16851516317936682, 0.16235238380970493, 0.15985555052757264, 0.16169041260596245, 0.15826399917564085, 0.15806728197682288, 0.15563920534426165, 0.15584598491268772, 0.1547672497168664, 0.1533437595252068, 0.15317508198561208, 0.14851156103034174, 0.14835850471450437, 0.14637989988250116, 0.144650070801858, 0.14402096545503987, 0.14401031242262932, 0.14600205676209543, 0.14118866766652755, 0.14019110457551096, 0.13926870342223874, 0.13948982088796555, 0.141258165096083, 0.13733921536514837, 0.13466812172724354, 0.1343750441747327, 0.1322080044496444], "objectness": [0.37792529720933205, 0.1612814604034347, 0.12010023903942878, 0.07578119895150584, 0.05874804815637969, 0.04815758968207745, 0.04329996829525748, 0.037638617283289114, 0.03326615329715423, 0.02806882326981248, 0.026612286767856624, 0.023276883553790543, 0.023768449516501276, 0.02107334336199734, 0.02038396517187545, 0.017209193876741694, 0.01495578515558361, 0.014766336733643378, 0.01615288637868587, 0.013160190782512092, 0.012682354577555089, 0.01209171920987325, 0.011036089431182781, 0.011082661321251503, 0.010636735413314571, 0.01133512700605699, 0.009544421387697859, 0.008971294432581822, 0.009201937641738633, 0.008679508696326181, 0.009337766588202701, 0.008861543750789415, 0.008427574338835961, 0.00846619113435736, 0.008277115640198791, 0.008503797239198672, 0.007703270886709253, 0.00619825314866654, 0.006274775477803844, 0.006302583335520701, 0.0064712746350837295, 0.006024409426179538, 0.006731766079563738, 0.005633175865601046, 0.006192361425523667, 0.006334340061983957, 0.005679564846233857, 0.005325083375224025, 0.005734850645809099, 0.0050105852446405705], "rpn_box_reg": [0.0638225402348795, 0.061217234772254506, 0.05646205697745656, 0.05146798848084384, 0.0477721048357536, 0.04699742689535337, 0.04375737295993003, 0.041384423416410195, 0.04063501835297493, 0.04089244595567335, 0.03625353185991351, 0.03659738176544535, 0.0344400750352971, 0.03275629677300458, 0.032081261475292604, 0.029937790150541977, 0.028103879477754574, 0.026691546808151837, 0.02746617495945576, 0.02620334437777919, 0.02556741936812966, 0.025114820406452056, 0.022657009197686304, 0.02104573883106857, 0.0218551818919408, 0.020181401398299534, 0.02040626324183728, 0.02007836376939057, 0.020470666306327105, 0.021754128315355517, 0.01905549785705291, 0.017202342755932007, 0.018182244685885963, 0.017143194007428152, 0.0163881871985664, 0.01992606897983933, 0.016030338485917686, 0.014296024033213936, 0.014650682669443702, 0.015119795198200248, 0.014659810213520212, 0.013925818723510019, 0.015051601539087113, 0.012650187933022314, 0.01338081866341224, 0.013339940573754457, 0.013283666806267818, 0.011786517073896023, 0.010976226718729219, 0.012475755123605561]}, "val_loss": {"total": [2.335356029597196, 2.052900942889127, 1.9621208364313298, 1.8907860734245994, 1.7571446245366877, 1.7067737254229458, 1.6875932108272205, 1.5923335660587659, 1.5616410645571621, 1.5292305187745527, 1.5021726001392712, 1.4558084986426614, 1.5055098967118696, 1.468205365267667, 1.4381106550043279, 1.4436779455705122, 1.4250059669668025, 1.4414674693887883, 1.4602627537467263, 1.4840652509169145, 1.3779919689351863, 1.4516049840233543, 1.4144019701264121, 1.4015282013199546, 1.4207050583579324, 1.434642954306169, 1.3735281825065613, 1.4034767367623069, 1.389883198521354, 1.4012923782522029, 1.4154768098484387, 1.3913907950574702, 1.4162773977626453, 1.394282113422047, 1.371925408189947, 1.3761552301320163, 1.4270538579333911, 1.4387875686992297, 1.3879105936397205, 1.3698461814360186, 1.3718853755430742, 1.4117219989950007, 1.4268186634237117, 1.4061985666101628, 1.4251093756068836, 1.4066182700070469, 1.4295567111535505, 1.393179785121571, 1.4303682067177512, 1.4347418384118513],