{"train_loss": {"total": [0.9467668636191275, 0.6293246059648452, 0.5541815179009592, 0.5099416484755854, 0.47170499947763256, 0.4473500849258515, 0.4203327001102509, 0.40483400148730125, 0.3818784187878332, 0.3655425430786225, 0.3565816490880905, 0.34329872145768137, 0.3363063565184993, 0.32296975062739464, 0.3164105532150115, 0.3040825856308783, 0.2977854925778604, 0.29230070450613577, 0.29500192278815857, 0.2898605010682537, 0.2797372994403685, 0.2682092912254795, 0.26264429159702796, 0.2590900903747928, 0.2536497277598227, 0.25023009825137355, 0.24716357531086092, 0.24527809874665352, 0.24340820687432443, 0.23906525440754428, 0.23194403614728681, 0.23357813396761495, 0.23001249033597207, 0.2269140535785306, 0.23035088623723676, 0.22388840370601223, 0.2190172871274333, 0.21732297448381302, 0.21401580639423862, 0.21650675876486686, 0.2127995161760238, 0.2075708233541058, 0.20578114342304968, 0.20545205704627498, 0.20554036584592636, 0.20070332519469722, 0.2010238481625434, 0.19973847659364824, 0.19734733969934526, 0.1950877780875852], "classifier": [0.20173331509314238, 0.13592126568358753, 0.12064488173252153, 0.10914097839305478, 0.09641002303650302, 0.0918986338941801, 0.08522397587075829, 0.08023144611788373, 0.07264807333929404, 0.06899061343602596, 0.06628790388274337, 0.06311460236357826, 0.06166812830995167, 0.05857828911694307, 0.0561890383731694, 0.05326269281457269, 0.05209730992754621, 0.05174538498263686, 0.04927377670612787, 0.04741305981822792, 0.04621107583985694, 0.04466822589747608, 0.04296291127966176, 0.041886493022884094, 0.04096091537240652, 0.041495452244435585, 0.03927080249413848, 0.039242558014549074, 0.03848522681096989, 0.037091187275795925, 0.036292967485684544, 0.03664250440234619, 0.03522278466261923, 0.03583813126709673, 0.03451895080807228, 0.03341939800659255, 0.032625355828373184, 0.033062469685870795, 0.032535569636421575, 0.033548795063078646, 0.03274124227088666, 0.03128571175339241, 0.029874691230455233, 0.03024994136254874, 0.030651530798434492, 0.029451335509563047, 0.028823629494816545, 0.029733119848477204, 0.02899414628195847, 0.029195533083721754], "box_reg": [0.3586505170070356, 0.24393247540198987, 0.21742047699949435, 0.19558613788216345, 0.18178238053355486, 0.17012539758316933, 0.155981607182372, 0.14959910073948482, 0.1397908604493545, 0.1307096820354702, 0.12865479375205693, 0.12047067262352475, 0.11685516827048793, 0.11074578861195233, 0.10863629902202275, 0.10387133149610411, 0.10001389130709633, 0.095916149708172, 0.10126611686521961, 0.09929386576217028, 0.09004274254604694, 0.08539421465247869, 0.08210380910445125, 0.08174610475618993, 0.07699615553081517, 0.07477137441897104, 0.07517096201979345, 0.07384200873934935, 0.07369828983660667, 0.0704308772039029, 0.06763833058817732, 0.0666657955085318, 0.06767325528987474, 0.063812589050541, 0.06935788371389912, 0.06413330143738177, 0.06310635529338351, 0.06185825655477181, 0.05830219512084319, 0.060349164599733, 0.05910919967798456, 0.05516189830077271, 0.0552707820289558, 0.0558788875208026, 0.055987350002772385, 0.052803036164973054, 0.05496654562772282, 0.052655371865858475, 0.05185062009090137, 0.050396579571609056], "mask": [0.2285769654858497, 0.17677239891021482, 0.16373211847197625, 0.1597745511801012, 0.15059834213987475, 0.14716240129163188, 0.14449205268775264, 0.14143836853965636, 0.138778974933009, 0.13650250487750576, 0.13431580888648187, 0.13262784202252664, 0.13115261312453977, 0.13065903191604922, 0.12888003227210815, 0.12557731328472013, 0.12491146619281461, 0.12466652825955421, 0.12448931821892338, 0.12271920889616013, 0.12149114954856134, 0.12072886764522522, 0.12093706517930954, 0.11892314485965237, 0.11841518239628884, 0.11781244590397805, 0.11641096304501257, 0.11613202782407883, 0.11587399780269592, 0.1151993396782106, 0.11352261708628747, 0.1136437090654527, 0.11279671975681858, 0.11307305897916517, 0.11190346253495062, 0.11147804740936526, 0.11129483496469836, 0.11027865191140483, 0.10959879229626347, 0.10991529312825972, 0.10873769372701644, 0.10819844055560328, 0.10785726133373476, 0.107681427751818, 0.10764377350288053, 0.10708252523214587, 0.10576999980595804, 0.10579535737633705, 0.10567541083981914, 0.10510047385769505], "objectness": [0.09487660205322168, 0.024196944888230532, 0.014809073176377663, 0.010851004705111864, 0.00900703713929444, 0.006992117407947174, 0.006376010127933701, 0.006464034230460921, 0.004868357116802438, 0.004361230536910772, 0.0038334208562974385, 0.0038608210609298466, 0.0038585519562289966, 0.003050210841783771, 0.0036412699376884823, 0.0033406950479935226, 0.002899446331948932, 0.0034128223740429848, 0.002525993126170262, 0.0028987212132506102, 0.002845809905339857, 0.0024386575559204966, 0.002130855533555258, 0.0019958154246582597, 0.0021609871165280984, 0.0023397499045556963, 0.002060484160065537, 0.0016551862558799257, 0.0018385065933304552, 0.0022384440563523495, 0.0018884833998754403, 0.001571557230015001, 0.0017662687967796016, 0.001407960617673105, 0.0017491320237402231, 0.001595694152012672, 0.0018453655903943311, 0.0014985894549960405, 0.0014616646787229206, 0.0018240532704992566, 0.0016230372025457626, 0.0015382171044961979, 0.0012383502085427725, 0.0016703217911886133, 0.0014741146685662077, 0.0010810898577798041, 0.0012076001585851813, 0.0015392358529557133, 0.0014294287792748243, 0.0010780989665627498], "rpn_box_reg": [0.06292946578929155, 0.04850152014769264, 0.037574970252218565, 0.034588975525501504, 0.03390721863451613, 0.031171533690658473, 0.028259053024630117, 0.027101051431471262, 0.025792153234238693, 0.024978514323259832, 0.023489721212618244, 0.023224783298815787, 0.022771892841011585, 0.019936431304578887, 0.019063912815862193, 0.018030551776216947, 0.01786337778793231, 0.01655981891945562, 0.017446717704649107, 0.0175356439226767, 0.019146520308095206, 0.0149793243459792, 0.014509650788668003, 0.014538531026764464, 0.015116488147595515, 0.01381107739369092, 0.01425036400174694, 0.014406319078525779, 0.01351218574096903, 0.014105406679441183, 0.01260163821939533, 0.015054566149070348, 0.012553461551825393, 0.012782314064656197, 0.012821460307895905, 0.013261961630468572, 0.010145375088007225, 0.010625007764035892, 0.012117584597240973, 0.010869452740594317, 0.010588343185994628, 0.011386556275664912, 0.011540056765924449, 0.009971478493037379, 0.009783596443148487, 0.010285338511843175, 0.01025607290357584, 0.01001539142705423, 0.009397734101906046, 0.009317093135752892]}, "val_loss": {"total": [1.2204570282589307, 1.170150643045252, 1.1700721816583113, 1.170082525773482, 1.1774058450352063, 1.186057291247628, 1.198301374912262, 1.199972076849504, 1.2088644938035444, 1.2233372818339954, 1.2377607822418213, 1.3453057462518865, 1.2456609173254534, 1.3399418755011125, 1.3591891093687578, 1.3455230431123213, 1.3020665049552917, 1.3268236680464311, 1.3323608420111916, 1.3655627098950474, 1.3149457032030278, 1.3807438611984253, 1.3970030762932517, 1.3840995864434675, 1.3533945733850652, 1.4424921003254978, 1.383863389492035, 1.4718858870592983, 1.5082090442830867, 1.4541005546396428, 1.4929291064088994, 1.4200077652931213, 1.4711084094914524, 1.4662379188971086, 1.4036096930503845, 1.5041189681399951, 1.5089391469955444, 1.5383741909807378, 1.4848508509722622, 1.5409551587971775, 1.5148356827822598, 1.524507842280648, 1.538943437012759, 1.5538353811610828, 1.4839669953693042, 1.4921590685844421, 1.5755527886477383, 1.5443904616615989, 1.5027911067008972, 1.6134276390075684],