{"train_loss": {"total": [1.5803350873531834, 1.3901425352019647, 1.2901995795388375, 1.0901143529722768, 0.958125368433614, 0.8866257418547907, 0.8143085490311346, 0.7636771929840888, 0.7264028542464779, 0.6997706725712746, 0.6604572627813585, 0.6250996309422677, 0.6069002987877015, 0.5942935562422199, 0.5903483784006488, 0.573800808287436, 0.5388311498588131, 0.5133364398152598, 0.5023655527061032, 0.4983369338896967, 0.46893600182187173, 0.4687756196625771, 0.45518279056395256, 0.4458688188464411, 0.4308291224702712, 0.4213238776210816, 0.4335262805223465, 0.40066969077433306, 0.3848488445243528, 0.39673453093536437, 0.3770733469916928, 0.37383211827085866, 0.37955707758665086, 0.3669274607012349, 0.3528415761647686, 0.35214532748345406, 0.3462152694982867, 0.33412160556162557, 0.33477784044319586, 0.3234004213925331, 0.3193726854939615, 0.3031613731095868, 0.30785631455721396, 0.3119466905151644, 0.3089830160621674, 0.3046399130455909, 0.307439948618412, 0.29468816129430647, 0.2922282493402881, 0.2869118015612325], "classifier": [0.3459482812352719, 0.295910532580268, 0.2761585292075911, 0.24690929829713798, 0.22514057903280182, 0.21462858277823657, 0.1963578365863331, 0.18345722612594403, 0.17475122281860922, 0.16575927746392066, 0.15839090971276165, 0.14507036546785984, 0.14290819670404156, 0.13919877984651155, 0.14424391487433064, 0.132920182493305, 0.12787633086554706, 0.1166985370999863, 0.11569062096457328, 0.11674317188500877, 0.10768192226307527, 0.10775998236250973, 0.10432403280790295, 0.09772656505266505, 0.09373978529343262, 0.09407917273891789, 0.0960226408911929, 0.08946134378803113, 0.08228356515267683, 0.08420444369060738, 0.08251195739083472, 0.08127578828003137, 0.08495136014816741, 0.0773752840040552, 0.0776020297453919, 0.07498097467356392, 0.07060813694861867, 0.06679587534163148, 0.06864706864505406, 0.06745361250735098, 0.06484863548464473, 0.061241207889942154, 0.0655200400209475, 0.06461130113213233, 0.06354789750391407, 0.06197344536983198, 0.06157518392541416, 0.06046554758814314, 0.05787436271033761, 0.05585265219241621], "box_reg": [0.2616742318814666, 0.3772514654034298, 0.4207960249234607, 0.4110818735714401, 0.37231274505536405, 0.35569672433118665, 0.3234812577104857, 0.3088067244257658, 0.2977464619543283, 0.2896002833220747, 0.2685584760961994, 0.25894456005264677, 0.247627920417055, 0.24544083397955663, 0.23784295322313423, 0.23828682955354452, 0.21776194083354167, 0.20576751327983314, 0.1995011327247466, 0.20002834741026163, 0.18583570219456189, 0.18213802184909583, 0.18010566772352304, 0.17616360104011913, 0.16916216127574443, 0.1641263133425626, 0.1693543745234849, 0.1546520874204655, 0.14723933627678742, 0.15570874646486293, 0.14387018698598109, 0.1420430408670537, 0.1436055228384512, 0.13752699555348485, 0.12806886733179132, 0.132378897649206, 0.13358210757254593, 0.12476566569098542, 0.12499883567253428, 0.11887614925301844, 0.11499112804360206, 0.1088529085289807, 0.10891560152803938, 0.11288611926438828, 0.1117695448529576, 0.10585567489146225, 0.11204727673001828, 0.10707241421895883, 0.10623434046884217, 0.10381433941694276], "mask": [0.630907367890881, 0.5126761253803007, 0.41227703036800506, 0.29809182430467296, 0.2556540245971372, 0.22873284105331668, 0.2176941609671039, 0.20616961184047883, 0.1963004169444884, 0.1917732578612143, 0.18504927240071758, 0.17887714908969019, 0.1742218994325207, 0.16997738860307202, 0.16994643519001623, 0.16792832247672543, 0.16290512743496124, 0.1597834674100722, 0.15564037979610504, 0.15279385942605234, 0.14916407273661705, 0.15272813410528244, 0.14695047486212945, 0.14901773415265546, 0.14562081632114227, 0.14064469678748037, 0.14256890483440893, 0.13641519839725186, 0.13661807198678294, 0.13562918747625044, 0.1336770308113867, 0.13507274629608276, 0.13485957677325894, 0.13328873226719518, 0.13025411141495552, 0.12767008670395422, 0.12789322830015612, 0.12924105332743738, 0.12617161370092822, 0.1245929952350355, 0.12623811236792995, 0.1222517374782793, 0.12032185314643767, 0.12197079886832544, 0.12060924357464237, 0.1222895138686703, 0.11928556573487097, 0.11670021592609343, 0.11762633203498779, 0.11672224460109587], "objectness": [0.2781928759188421, 0.14362154116313303, 0.12302643877243803, 0.07751589794793437, 0.05664326707802472, 0.04165976860658115, 0.035312677304741115, 0.026472317700033946, 0.022648428507795137, 0.02039303721117434, 0.015860320903401212, 0.015361490651834644, 0.014090271935480903, 0.010757768235048242, 0.011869557395778342, 0.009739594083024009, 0.008837636339047739, 0.008267901156561433, 0.008754669784097894, 0.007889415161949844, 0.00700932607971129, 0.006614016947142157, 0.006981548711531016, 0.006764167484347596, 0.005344639029446567, 0.005642084329443723, 0.006177890349857579, 0.0060625173155248405, 0.004812236213934563, 0.005515375169958251, 0.004220720014440772, 0.004293468987071397, 0.005278273466237513, 0.005269722410523701, 0.0038219356953754133, 0.004751431908340648, 0.0044301304284501035, 0.003924276185446821, 0.003911394707979672, 0.0033768772414811293, 0.0030506185386090486, 0.0034107088764006132, 0.003303988704506229, 0.003388065083744286, 0.00329812558498933, 0.005414746572645409, 0.004818578216896464, 0.00245882079055469, 0.003023156013296102, 0.003210372834549954], "rpn_box_reg": [0.06361233527666979, 0.06068287155189131, 0.057941562014128714, 0.05651546506090991, 0.04837475470905643, 0.04590782675795415, 0.04146261374375054, 0.03877131080596648, 0.03495632332084032, 0.03224481096286552, 0.03259827893184152, 0.026846068081748296, 0.028052006094085594, 0.02891878640443939, 0.026445517744474685, 0.024925881296944535, 0.02145011638722574, 0.022819023764614324, 0.022778746861384265, 0.020882140742727526, 0.019244979816533985, 0.019535466839325607, 0.01682106784855639, 0.0161967505626249, 0.016961722265677378, 0.01683160921086035, 0.019402470655938576, 0.014078542931947009, 0.013895633892788018, 0.015676780301850334, 0.012793453208688597, 0.011147070886856396, 0.01086234553766835, 0.013466727052113011, 0.013094630954278288, 0.012363936788589795, 0.009701667008724348, 0.009394736439595187, 0.011048928624938614, 0.009100786501679272, 0.010244189325232817, 0.007404808666075452, 0.009794829278355116, 0.009090407134464195, 0.009758205269850629, 0.009106534115891273, 0.009713344387666674, 0.00799116212172873, 0.007470059877079855, 0.007312193241840202]}, "val_loss": {"total": [2.159408677708019, 2.0632136301560835, 1.9672476053237915, 1.7355254021557895, 1.6195679903030396, 1.5119660334153608, 1.4903279868039219, 1.516528151252053, 1.412236592986367, 1.3769073703072288, 1.3688809221441096, 1.4031114794991233, 1.3614302548495205, 1.3181346221403643, 1.2763072089715437, 1.3361982107162476, 1.2868670225143433, 1.2974688410758972, 1.2988919344815342, 1.309470295906067, 1.3402298472144387, 1.3402456803755327, 1.3052503900094465, 1.285336890003898, 1.3529255498539319, 1.3542856086384167, 1.3158276893875815, 1.3317900083281777, 1.3486254106868396, 1.2820917042818936, 1.2968829165805469, 1.3413700190457432, 1.3246379711411216, 1.3718771230090747, 1.3382606343789534, 1.3041756044734607, 1.3945914669470354, 1.4110656651583584, 1.3286695046858354, 1.376097397370772, 1.3629420345479792, 1.406721754507585, 1.3513176224448464, 1.387077277356928, 1.3192048993977634, 1.2557396563616665, 1.2849192131649365, 1.4584059173410588, 1.3008146990429272, 1.4212154204195195],