{"train_loss": {"total": [1.4311356034971052, 0.8904872143460858, 0.7670356498610589, 0.7150002459364553, 0.6769536301974327, 0.6447581769958619, 0.6287423696248762, 0.6074958911826533, 0.5872481717217353, 0.5828615771185968, 0.5659414246197669, 0.5540413566174046, 0.5435927889520122, 0.5317677006606133, 0.5267129660133393, 0.5107866674180954, 0.5026512887208693, 0.5018425626139487, 0.4903837859149902, 0.48224235205881055], "classifier": [0.3313414468880623, 0.1933084199745809, 0.17289359407319177, 0.164788290726081, 0.15728910402545043, 0.149086104381469, 0.1452035305420718, 0.14049787191493857, 0.1349833905696869, 0.1336575575533413, 0.13006441675487065, 0.12751884840188488, 0.12478542248568227, 0.1211079754476105, 0.12072714718599473, 0.11606770693775147, 0.11345007957950715, 0.11488757341679547, 0.10838390826698273, 0.10817237961436471], "box_reg": [0.5820788266257413, 0.3619627459154975, 0.2999655159731065, 0.2757137057521651, 0.26101269794087256, 0.24780951860931613, 0.24188699185127213, 0.2346132524071201, 0.22582512237131597, 0.223467736967629, 0.2156661010317264, 0.21036645426384865, 0.20430548670551468, 0.20042773592736451, 0.1988678316195165, 0.19133227339555178, 0.18772500108086293, 0.18634911668637105, 0.18239167120548025, 0.1786812572589805], "mask": [0.30835672491981136, 0.22073869335074578, 0.20274072798990433, 0.19425023289457444, 0.18700789737124596, 0.18252041469658575, 0.17966090858944, 0.17598146906783504, 0.17252309418493703, 0.17253298466244052, 0.16953436977440312, 0.16692547105973768, 0.16592580325180484, 0.16442196893115196, 0.16297139241810768, 0.16019882949129227, 0.15943070827953276, 0.15972748341098908, 0.15799632735790745, 0.15693282537883327], "objectness": [0.14430681516326244, 0.05579257263621736, 0.03706848054162917, 0.02880273783436766, 0.024585313403569613, 0.02035619237482728, 0.019286979725884813, 0.017069541782820448, 0.014836080605304995, 0.015118034305088523, 0.013318194790964856, 0.013420403766588518, 0.01364189221004058, 0.011695066970940153, 0.011221914036204613, 0.01060463915618452, 0.009932144420922521, 0.00938679570539417, 0.010128277929259404, 0.008120956770477689], "rpn_box_reg": [0.06505179383065327, 0.05868476955115658, 0.05436733122912683, 0.05144527674591143, 0.047058619216982005, 0.044985945319011435, 0.042703956152235475, 0.03933375993616327, 0.03908048409089867, 0.03808526362512155, 0.03735834277160334, 0.03581017963231481, 0.03493418387581421, 0.0341149552481863, 0.03292467643041164, 0.032583217264642195, 0.03211335244310659, 0.031491596080130906, 0.03148360069404119, 0.030334935374787986]}, "val_loss": {"total": [1.619751821864735, 1.4783376942981372, 1.382171630859375, 1.3569492426785557, 1.3446402062069287, 1.3101194934411482, 1.2862532626498828, 1.279730341651223, 1.2547491247003728, 1.2633790265430103, 1.2761430740356445, 1.2746115110137246, 1.277713873169639, 1.2836788513443687, 1.3227842937816272, 1.3116364262320779, 1.3252678134224631, 1.2918714013966648, 1.3140940882942893, 1.3082374280149287], "classifier": [0.3146347457712347, 0.2961299338124015, 0.281825681979006, 0.27208775959231635, 0.2774767672473734, 0.27493364296176215, 0.2639093222943219, 0.26242726092988794, 0.26766456257213245, 0.26024969870393927, 0.2700895369052887, 0.2598377371376211, 0.2724052640524777, 0.2650109868157994, 0.25698346305977215, 0.2744444974444129, 0.27152834968133405, 0.26314054294065997, 0.27464571595191956, 0.26933239671317016], "box_reg": [0.6005001339045438, 0.49875225804068823, 0.46568812836300244, 0.4624959555539218, 0.4523449892347509, 0.4504335278814489, 0.42762895063920453, 0.4387441873550415, 0.42727244984019885, 0.4220104217529297, 0.4266697032885118, 0.42477618564258923, 0.416883414441889, 0.44433318213983014, 0.4427314617417075, 0.4413811212236231, 0.42024706168608233, 0.4133973311294209, 0.4270241152156483, 0.43287812850692053], "mask": [0.30376195907592773, 0.2980685979127884, 0.2782018482685089, 0.26274088296023285, 0.2668211649764668, 0.26461914452639496, 0.25139505890282715, 0.260413027622483, 0.25176590139215643, 0.25257100842215796, 0.2501219605857676, 0.24127962778915057, 0.2521685483780774, 0.25988603180105035, 0.24830205738544464, 0.25160222026434814, 0.2482616278258237, 0.24422705444422635, 0.24862020124088635, 0.2576534422961148], "objectness": [0.23004015975377776, 0.2160230908881534, 0.1916800896552476, 0.1964199556545778, 0.19447782635688782, 0.18410394713282585, 0.20422219874506647, 0.18889813785525886, 0.18120855634862726, 0.19374882167374546, 0.2030443542382934, 0.21737767739052122, 0.20747488813305442, 0.19645517391406678, 0.2429850615391677, 0.21702627786858517, 0.25601217844946816, 0.24532574550672012, 0.23987047687511553, 0.22942942287772894], "rpn_box_reg": [0.17081482979384335, 0.16936381262811748, 0.16477586870843713, 0.1632046936587854, 0.15351945771412415, 0.13602921976284546, 0.13909769701686772, 0.1292477443136952, 0.12683762271295895, 0.13479908420280975, 0.12621753899888558, 0.1313403028656136, 0.12878175215287643, 0.11799349534240636, 0.13178222186186098, 0.12718232788822867, 0.1292185898531567, 0.12578070705587213, 0.12393358451398936, 0.11894404244693843]}, "best_val": {"model_val": [1.619751821864735, 1.4783376942981372, 1.382171630859375, 1.3569492426785557, 1.3446402062069287, 1.3101194934411482, 1.2862532626498828, 1.279730341651223, 1.2547491247003728], "epoch": [1, 2, 3, 4, 5, 6, 7, 8, 9]}}