{"train_loss": {"total": [1.861577271646069, 1.546025247727671, 1.6233285269429607, 1.6513347321941008, 1.5516171163128267, 1.5419256883282815, 1.5240161572733233, 1.4946157095893737, 1.4634160428277907, 1.4368631362915039, 1.4034415833411678, 1.3787552297115326, 1.356549188975365, 1.331905609946097, 1.313307572372498, 1.2980183309124362, 1.2765379715350367, 1.2636704054570966, 1.2493471789744592, 1.244606746781257, 1.242941407811257, 1.238215678641873, 1.2079090331831286, 1.1891608318974896, 1.1775817899934706, 1.1630191886617292, 1.1585773241135382, 1.149970849483244, 1.1448417411696525, 1.1249335902352486, 1.1239047304276497, 1.1170166919308324, 1.106975987842006, 1.0990304543126015, 1.0911037798850767, 1.075457347785273, 1.0735365242727342, 1.0690627910437123, 1.0613460540771484, 1.0603204347433584, 1.0425656994504313, 1.0367508696932946, 1.0323629825345932, 1.022201070189476, 1.0159562325285327, 1.0082865172816862, 1.0006470366831748, 0.9933387880363772, 0.9848866630946437, 0.9771668089974311], "classifier": [0.32634544252387937, 0.19081552094749865, 0.24238555895224695, 0.2818941989733327, 0.2937399857106709, 0.31492050504011493, 0.3198274479397843, 0.31645072940136154, 0.3098943774618449, 0.3026075395184659, 0.2967442552649206, 0.28974390723892757, 0.28420642555481, 0.27550464279709325, 0.26977141317460807, 0.26526033223396345, 0.25977848657076397, 0.2541581263405181, 0.251259085421841, 0.25313642685932497, 0.2532139117799459, 0.25559556096071195, 0.2521095161115931, 0.25131073759928824, 0.25175167792026076, 0.24930093102157116, 0.2508342747606577, 0.24992190228114206, 0.249163784771677, 0.2480670023589365, 0.24955614614150218, 0.24849341746059156, 0.24820456272892413, 0.24777948736183106, 0.24616817076119685, 0.24332279395912923, 0.24316068035700628, 0.2432669461855004, 0.2404766953760578, 0.24089749525150944, 0.23915618018757911, 0.2339475949204737, 0.23296312903684954, 0.2313728505204762, 0.23173737922503101, 0.23036520257592202, 0.22996166349659042, 0.2253691737209597, 0.2229186704682727, 0.22329774359541554], "box_reg": [0.041008171127478205, 0.08105006831964044, 0.170379493076243, 0.2883624400838368, 0.37179499742529926, 0.4306266887592726, 0.4562819218153187, 0.46965190215086033, 0.4702726144492889, 0.469049981513132, 0.47304446427912017, 0.47454680258515214, 0.4751694907664299, 0.47636319769479735, 0.4762971297252901, 0.4770537827141403, 0.480144464615601, 0.4794721039000339, 0.4847840762715937, 0.48853558923752466, 0.4916274537189653, 0.4939663177055697, 0.4864751547623816, 0.4784363258029184, 0.4770643182339207, 0.4717128153529859, 0.47237406411478594, 0.46789270417103845, 0.4662079632282257, 0.4620301664115921, 0.46247167661185223, 0.45839931053980704, 0.45797701947871716, 0.45299212144267176, 0.4509888265402086, 0.44666174439893613, 0.44639773597159693, 0.44474606665392075, 0.44193931678610465, 0.4396618408661696, 0.4321813255428307, 0.43426642523657893, 0.43040043455698795, 0.42557150151941087, 0.42032411728174457, 0.4205783584185185, 0.41567718570511186, 0.4153088036323747, 0.41448344278239435, 0.4071227620686254], "mask": [0.7397941245186713, 0.5434199563918575, 0.5252120191051114, 0.5357717981261592, 0.5285100711930183, 0.5030465893207058, 0.48036691661803954, 0.45818858569668186, 0.44392966012800894, 0.43409115720179775, 0.41118743217760517, 0.3987813625604876, 0.3889268870315244, 0.37758525984902536, 0.37114401228966254, 0.3657689335846132, 0.35450206187463573, 0.3545542964050847, 0.3450809662380526, 0.3423186681924328, 0.3421243422454403, 0.3382099700550879, 0.324673252240304, 0.3198658186581827, 0.31300407513495415, 0.3084394184812423, 0.3060880720615387, 0.30619130596037836, 0.3056563513894235, 0.2936934630717001, 0.2926698602014972, 0.2918146723701108, 0.28741285752865575, 0.28409726283242626, 0.28362939516382835, 0.2762971211825648, 0.276466029882431, 0.27394797374163904, 0.2758262203585717, 0.276648876936205, 0.27123113216892364, 0.2667669710613066, 0.2700173338574748, 0.2677220994426358, 0.266737213346266, 0.26199900325267544, 0.2596932166045712, 0.2584207016133493, 0.2550462687207806, 0.2545325735884328], "objectness": [0.6898190836752615, 0.6664305879223731, 0.6212160445028736, 0.4811847396435276, 0.2935222233495405, 0.22966268014523292, 0.204246177668533, 0.18753152215673077, 0.1769190916731473, 0.1693447225276501, 0.16114086553214058, 0.15492101799576513, 0.14807672414688333, 0.14278449262342147, 0.13705565619973406, 0.13163485926606, 0.12425529485147807, 0.1183458104849823, 0.11175726893087548, 0.10492048946719977, 0.10115741147028823, 0.09642649583758846, 0.09156810552062046, 0.0873007928381764, 0.08429404549120414, 0.08288785301509403, 0.07899175162817682, 0.07665240793458877, 0.07496446895322972, 0.07282581395439564, 0.07148229211809173, 0.0710280537259795, 0.06680920484415706, 0.06805432412187538, 0.06461697970817407, 0.06383353872450008, 0.0626703848536577, 0.062498990470363246, 0.058926586155599404, 0.059183897850884785, 0.056334285770032196, 0.05822379618747941, 0.05582014593190604, 0.05475153217257391, 0.054722452484401725, 0.05303915899449719, 0.05340265406092869, 0.052448545171759064, 0.05094105848749619, 0.05115173040333414], "rpn_box_reg": [0.06461044979533331, 0.06430911052645365, 0.0641354192010758, 0.06412155228655696, 0.06404982741636735, 0.0636692117186143, 0.06329369020794759, 0.06279296826687641, 0.06240029950727589, 0.061769735280634654, 0.061324560895915176, 0.060762140279140085, 0.06016966075779149, 0.05966801083995961, 0.059039365963619805, 0.058300416672887705, 0.05785766277920395, 0.05714006961075469, 0.05646577676093476, 0.055695571862311374, 0.05481829087572893, 0.054017338699345746, 0.05308301558064658, 0.05224715758006149, 0.05146766798382985, 0.05067816013789495, 0.050289163714267254, 0.04931252469992145, 0.0488491746805413, 0.04831713849074027, 0.04772474772274314, 0.047281232282083724, 0.046572343045526425, 0.04610725212832838, 0.04570040699374306, 0.045342154929042616, 0.04484169412631497, 0.04460281833401701, 0.04417723252685861, 0.04392831608739441, 0.043662769595656785, 0.04354607726704524, 0.04316193915409742, 0.042783090226247066, 0.042435072242909475, 0.0423047886587747, 0.041912312205080994, 0.0417915716435903, 0.041497233834290395, 0.041061992877005266]}, "val_loss": {"total": [2.110552516850558, 2.1293864358555186, 2.2594184441999956, 2.2876799648458306, 2.313350038094954, 2.304684357209639, 2.2578970085490835, 2.2290530638261274, 2.196628440510143, 2.2138899998231367, 2.1804613200100986, 2.1596788601441816, 2.1200676289471714, 2.1102362871170044, 2.067750865762884, 2.0485501289367676, 2.0342369079589844, 2.0154593857851895, 2.033192287791859, 2.0468672730705957, 2.042509436607361, 2.0593461123379795, 2.0738278410651465, 2.0576594201001255, 2.027356581254439, 2.042960459535772, 2.0219789960167627, 2.017590728673068, 1.9604937596754595, 1.9859053655104204, 1.9815496531399814, 1.9543213844299316, 1.9282058802517978, 1.9294677864421497, 1.9339545531706377, 1.9092884930697354, 1.9372078613801436, 1.9083977287465876, 1.8900435946204446, 1.87740205634724, 1.9161424094980413, 1.9241897626356645, 1.8742755759846081, 1.8577693700790405, 1.8902903361753984, 1.835723107511347, 1.8718378110365435, 1.838173421946439, 1.8600035363977605, 1.8162468129938298],