{"train_loss": {"total": [1.722196755870696, 1.4822542434738528, 1.3764981783205463, 1.2325361305667508, 1.1914196914242159, 1.1418759313321882, 1.0741588917470748, 1.0010206693603148, 0.9602059106672963, 0.9323392141249872, 0.892366046867063, 0.8679845424429062, 0.8364007634501304, 0.8285774993319666, 0.795238690895419, 0.7785206440956361, 0.7582436524091228, 0.7182884892148357, 0.7281840176351608, 0.6959966974873697, 0.6775443182837578, 0.6781505045390899, 0.6486668185841653, 0.6434429533058598, 0.6264507138921368, 0.6084230194649388, 0.6196766195278014, 0.6005027336459006, 0.594018471913953, 0.584164913863905, 0.5646611152156706, 0.5507529333233834, 0.5635796906486634, 0.546594076243139, 0.5378558760208468, 0.5336576256059831, 0.5231819612364615, 0.5207589299448074, 0.526873067213643, 0.5108798108273936, 0.49756595078975924, 0.48651091470833746, 0.4840215007143636, 0.47865409538630516, 0.46472357828770916, 0.47971516775508083, 0.4730049577451521, 0.45218052599699265, 0.45239110891857454, 0.4505777256623391], "classifier": [0.31846183081788404, 0.2995235023869863, 0.2672290253302743, 0.23506379693956866, 0.24192021662789967, 0.2458146238999982, 0.23635795397623893, 0.22286128493085985, 0.21732051164632843, 0.20879287210202988, 0.20367945469915866, 0.19925825570019023, 0.19503519703303615, 0.19401596799012152, 0.1861944671299669, 0.18366881350596104, 0.17628985414461742, 0.1705858734105864, 0.17289249064821388, 0.163566878314821, 0.15701625525590873, 0.16025607873114847, 0.1521321126199778, 0.15133827680781964, 0.14709049228939317, 0.1419724579277118, 0.1443818911910057, 0.14089506669871268, 0.13764956232701098, 0.1384315569975203, 0.13133603223869877, 0.12780769728124142, 0.13249175750440167, 0.12896420423602384, 0.12631187368665012, 0.12322895211438017, 0.12108046106333213, 0.12168036404876939, 0.12465232533793295, 0.11638928762066268, 0.11611647363752127, 0.11294545548697633, 0.11540474111454621, 0.11235223809076894, 0.10906251107282455, 0.110053215299042, 0.10903888175324086, 0.10416710540622233, 0.10467784962797116, 0.10504581987737648], "box_reg": [0.26174748236173084, 0.440700706956634, 0.4612496201882154, 0.46291503570711, 0.4708148374552688, 0.46247625355758976, 0.44596584441681064, 0.4175726009472724, 0.3984113887973851, 0.38292527989514413, 0.364433571792418, 0.35603252107337596, 0.33918803818523885, 0.3332299856649291, 0.3261245054823737, 0.3165228148141215, 0.30624706747551117, 0.285759201621817, 0.29104496961639775, 0.2776792477576002, 0.2721394025810784, 0.2660114211420859, 0.2552542760367355, 0.25376603778812196, 0.24702179193977386, 0.2396862815765123, 0.2470798595477977, 0.23555666773670142, 0.2330497118494203, 0.22780790231641262, 0.22113286477904165, 0.2163047369659668, 0.21962608862668276, 0.20879409709765065, 0.20841026669067722, 0.20692535229628126, 0.20233389175827465, 0.1995515212056137, 0.20325731434408695, 0.1945269302975747, 0.18990996723333675, 0.1820312644715511, 0.18001174148352397, 0.1782783547175988, 0.17275099293479035, 0.18036800425559762, 0.17676537668392542, 0.1668448039240414, 0.16927951108063422, 0.1674129554190703], "mask": [0.6114926346848087, 0.5088237112568271, 0.44412346116958124, 0.3706690291243215, 0.34296487415990523, 0.3170459310854635, 0.28711860381787824, 0.2666493760001275, 0.25673450750689353, 0.25646820424064515, 0.24433490307100358, 0.2346568644527466, 0.230946150374028, 0.2308374638999662, 0.21708355598872708, 0.2149727035914698, 0.2140073752210986, 0.20315848550488871, 0.20636554067173313, 0.20220916362539415, 0.19665548931206425, 0.19886670098189385, 0.1911337080501741, 0.1897818162075935, 0.18747937611995205, 0.18322408170469345, 0.18463852554559707, 0.1817101785732854, 0.18261528760194778, 0.17823250524459347, 0.17492328997581236, 0.1718103128094827, 0.17414316155256765, 0.1734397681009385, 0.16838228351646853, 0.16963345134450544, 0.16708095092927255, 0.16807125941399606, 0.16627304371326201, 0.16787730662092085, 0.1617619029937252, 0.16189403038832448, 0.16058255049490158, 0.1589119572793284, 0.15575294518663038, 0.16090231931978657, 0.15988803996193793, 0.1549986355247036, 0.1539049757584449, 0.15301296571570058], "objectness": [0.466614181908869, 0.17102870540993828, 0.1441825506127169, 0.10708153134872836, 0.08329734278602466, 0.06679347767344405, 0.05730994809644237, 0.049695976918953805, 0.044255963814700205, 0.0415830472822211, 0.03911631432091517, 0.03800714998243136, 0.03304790256473596, 0.03283370180889183, 0.028904353271354922, 0.02700714936335346, 0.026670334925602807, 0.024727870648512767, 0.023579879435325687, 0.020446092064207, 0.020266737206510434, 0.020721938300994225, 0.020312502661028936, 0.01918449984223116, 0.01678291369495245, 0.016537350722360462, 0.016292295507915815, 0.01643862382892797, 0.01555281513828959, 0.014783236970646202, 0.013154733710548646, 0.011648530132116584, 0.013700940071219286, 0.012964378764304603, 0.011855401235973863, 0.011197076276092106, 0.011424004787113518, 0.011315982264474564, 0.012072721538706607, 0.010860115067337193, 0.00978376057171244, 0.010447570315826, 0.009779672358408495, 0.011114506431875915, 0.00875562393950766, 0.009780461676470417, 0.008963550149130771, 0.009493019319462849, 0.007985172433631482, 0.008517882640514854], "rpn_box_reg": [0.06388061494048264, 0.062177614797086965, 0.059713511744273765, 0.056806734316576755, 0.05242241287487559, 0.04974564864345255, 0.04740654292850635, 0.04424143266646312, 0.043483535088448516, 0.042569810080937215, 0.04080180641965032, 0.040029747457142106, 0.038183474340645084, 0.037660379098721726, 0.0369318120137318, 0.0363491683787816, 0.03502902231984697, 0.03405706061639648, 0.034301137067978424, 0.03209531387575196, 0.03146644226644346, 0.03229436992710802, 0.02983421720860098, 0.029372324579303347, 0.02807614085271076, 0.02700284782336131, 0.027284046892764896, 0.02590219404385519, 0.025151091553796565, 0.024909711678957402, 0.024114195722570238, 0.023181656515929894, 0.023617743450919198, 0.022431626091542232, 0.02289605473868564, 0.02267279293316073, 0.021262652135641064, 0.020139808904294173, 0.02061766345624722, 0.021226172398277295, 0.019993848455863283, 0.01919259413151585, 0.01824279769376341, 0.017997041982509412, 0.018401506161230388, 0.018611167204958732, 0.018349108665543394, 0.016676964624944488, 0.016543601808987132, 0.016588099231059108]}, "val_loss": {"total": [2.227569114078175, 2.141086220741272, 2.036177223378962, 2.091015024618669, 1.836697134104642, 1.8879157088019631, 1.8740792707963423, 1.7863999171690508, 1.6694053953344172, 1.6338873559778386, 1.6562857627868652, 1.6065446030009876, 1.5841493606567383, 1.6384210153059526, 1.5659799792549827, 1.5573275522752241, 1.5906731540506536, 1.5143114003268154, 1.5438998504118486, 1.53699068589644, 1.4966368133371526, 1.5157340439883145, 1.4907330708070234, 1.4626266306096858, 1.4706328023563733, 1.5157879482616077, 1.4751298861070112, 1.468947952443903, 1.4941455234180798, 1.4528702172366055, 1.4586049968546086, 1.4977371475913308, 1.470983245156028, 1.4318535978143865, 1.469090375033292, 1.4400975595821033, 1.4913747310638428, 1.4605375636707654, 1.5017852999947288, 1.4326290163126858, 1.4823587699369951, 1.4739994135769932, 1.4058944962241433, 1.4596313021399758, 1.4435013641010632, 1.3908535783941096, 1.4324665719812566, 1.5022015571594238, 1.4564034180207686, 1.46584444696253],