{"train_loss": {"total": [3.205356422547371, 2.7134278174369566, 2.47896295285994, 2.316374847965856, 2.1993547677993774, 2.1145000788473314, 2.0513786169790453, 2.0050023148136753, 1.9656077615676388, 1.931025339711097, 1.899952180154862, 1.8710483943262408, 1.8454084611708117, 1.821014165878296, 1.7980768619045135, 1.7787331665715864, 1.759686335440605, 1.7419453836256458, 1.7268774524811776, 1.7124614015702277, 1.6989486655881327, 1.6872119480563748, 1.6765723459182247, 1.666704349364004, 1.6562530079195577, 1.6482327876552458, 1.6394701250137822, 1.6311234966401131, 1.6257713602435204, 1.618142097227035, 1.6130694289361276, 1.608710676623929, 1.6021990637625418, 1.5969877258423837, 1.592000122224131, 1.5878929422747705, 1.5842883225410216, 1.5800063786968108, 1.5767921324699157, 1.5725664838667839, 1.5700026804401028, 1.567110272376768, 1.562670470822242, 1.5606097975084858, 1.5583327477978122, 1.5558636557671333, 1.5523050808137464, 1.5524188095523466, 1.5516725351733547, 1.5499769560752377], "classifier": [0.7015747081848883, 0.6402893039488023, 0.5963412480969583, 0.5609228662906155, 0.529650668944082, 0.5008005963217828, 0.4739954608101999, 0.44921088180234353, 0.4251970062332769, 0.4030163686121664, 0.3818452081372661, 0.36233750197195236, 0.34453382799702303, 0.3278938639548517, 0.3119196182297122, 0.29867689167299577, 0.28580982189986015, 0.2741262943033249, 0.2638186793654196, 0.2544934644333778, 0.24577327702314622, 0.23845853324859373, 0.23157741259182654, 0.2258560832469694, 0.2199174196008713, 0.2153803538891577, 0.21129157211511365, 0.2068694945785307, 0.2041097956319009, 0.20047679545898592, 0.19797642553044903, 0.19570914612662407, 0.1933031932961556, 0.19125946918802877, 0.18927321924317267, 0.18814811329207112, 0.18678349886209733, 0.18535605109026354, 0.18459452119085096, 0.1838307891882235, 0.18279254866703865, 0.18251305674352952, 0.1811036016431547, 0.18084524889146128, 0.18063024097392635, 0.18012010899762954, 0.17979634445040457, 0.1798686663710302, 0.179362383965523, 0.17913014126881477], "box_reg": [0.04191669002550864, 0.037198566458931555, 0.03560349627472122, 0.033905596474153664, 0.033887752784498695, 0.03378494088894748, 0.03252827848238315, 0.03269216464405256, 0.03259274324701701, 0.03248479887674142, 0.03232833505333533, 0.03261096194877492, 0.03273493103955726, 0.032773996822089105, 0.03320299580840173, 0.03348337421597417, 0.033860515242122344, 0.03383199406431935, 0.034613344290635485, 0.034835660635261806, 0.035353355748215576, 0.035672089615869595, 0.03599049380899223, 0.03669643450864955, 0.03692893226407543, 0.038002015174941096, 0.03808174447852165, 0.038715001838582175, 0.03992988812594464, 0.040082247387908866, 0.04096496534820612, 0.04227356968995375, 0.04233628048140447, 0.042835953988809884, 0.04347592348745938, 0.04393961073144437, 0.04495289794051073, 0.04553270234384634, 0.04624647613583816, 0.0462077853098538, 0.04760463680067915, 0.048103775777088874, 0.04826359646279842, 0.049195757847595695, 0.04969268598032349, 0.050481626785744256, 0.05126495477948816, 0.05196496684950563, 0.0533004691965142, 0.05420487014196096], "mask": [1.6977080345153808, 1.27309283133476, 1.085293068232075, 0.9602958667662835, 0.8750372032965383, 0.8194839852471505, 0.7847287504903732, 0.7633033585163855, 0.748480608001832, 0.7364161022247807, 0.7268031760569542, 0.7176121842476629, 0.7098169811310306, 0.7024092503132359, 0.6954518950754597, 0.6892452251526617, 0.6830814186603792, 0.6773537105129611, 0.6722472531180228, 0.6673207271483637, 0.662389431076665, 0.6579543504022782, 0.6542393067190724, 0.6498367957530483, 0.6453279516389293, 0.6411099141643893, 0.6369225715437243, 0.6327779985243275, 0.6293152912970512, 0.6256723744253958, 0.6225783851838881, 0.6195342988737168, 0.6159772586437964, 0.6128107986142558, 0.6095158432760547, 0.606537679895278, 0.6038018399669278, 0.6006691617350425, 0.5979683149245477, 0.5950694197608578, 0.5925564152579154, 0.5898714594302639, 0.587189414616554, 0.5849178333436289, 0.5827923959301364, 0.5807932565289159, 0.577187878277994, 0.5770749176702191, 0.5760964930057526, 0.5741725375575404], "objectness": [0.6985613319181627, 0.6975814115616583, 0.6967520733033458, 0.6963196454509613, 0.69597389851847, 0.6956379332850057, 0.6951526772591375, 0.694997166433642, 0.6945791079152015, 0.6942856311798096, 0.6940870008160991, 0.6936991526234535, 0.6934811957420841, 0.6931097061403336, 0.6926998615264892, 0.6925875279211229, 0.6921489611748726, 0.6918209456628369, 0.6914785727377861, 0.6911827721903401, 0.6907033643414897, 0.6903923630714417, 0.690078572304018, 0.6896297081824272, 0.6892793632322742, 0.6890301923598012, 0.6884871179057706, 0.6881039942464521, 0.6877419475586184, 0.6872636864262243, 0.6869034986342153, 0.6865799215532118, 0.6859763664584007, 0.6855870846779116, 0.6850956255389798, 0.6847004113658782, 0.6841687133235316, 0.6837913586247352, 0.6833961252243288, 0.6828701757615613, 0.6824359213152239, 0.6820246781072309, 0.6814393447291467, 0.6810746527487231, 0.6805607957224692, 0.6799902842890831, 0.679436985908016, 0.6789521032764065, 0.678372879951231, 0.6779945992654369], "rpn_box_reg": [0.06559567226307286, 0.06526570721837362, 0.0649730722074427, 0.06493087342579759, 0.06480524405159221, 0.06479262401173341, 0.06497344525677393, 0.06479874510550872, 0.06475829320129818, 0.06482243555834546, 0.06488846108625312, 0.0647886011755139, 0.06484151352196932, 0.064827346206162, 0.06480250158872936, 0.06474015464435422, 0.06478562544704596, 0.06481243071724631, 0.0647195951049892, 0.06462876326442066, 0.0647292316896886, 0.06473460984754285, 0.06468655739745666, 0.06468532180222082, 0.06479934127757235, 0.06471031298297608, 0.06468711739646331, 0.06465700335158486, 0.06467443452134068, 0.06464698633475739, 0.06464615002961739, 0.0646137420441054, 0.06460597847847478, 0.06449442138677583, 0.06463950554457222, 0.06456713158010145, 0.06458137574485473, 0.06465709996559928, 0.06458668772491717, 0.0645883014771126, 0.06461315608147772, 0.06459730834411007, 0.06467451177867911, 0.0645763080047008, 0.06465662155326667, 0.06447837909593457, 0.06461890750478262, 0.06455814988585189, 0.06454031106268597, 0.06447480536974787]}, "val_loss": {"total": [3.6717834906144575, 3.274459730495106, 3.005933306433938, 2.8254678682847456, 2.687081076882102, 2.5929364507848565, 2.527722640471025, 2.4845601211894643, 2.4492802186445757, 2.416237332604148, 2.395654548298229, 2.376466057517312, 2.3554948676716196, 2.3392949537797407, 2.3229698701338335, 2.3030610301277856, 2.2874896092848345, 2.272645961154591, 2.2610853802074087, 2.2470302256670864, 2.241713057864796, 2.232480049133301, 2.2161438140002163, 2.2092745304107666, 2.205371531573209, 2.1976940740238535, 2.190091913396662, 2.187836516987194, 2.1805429350246084, 2.1759807521646675, 2.1790211525830356, 2.175532015887174, 2.1713549440557305, 2.1679990833455864, 2.166238708929582, 2.158424637534402, 2.1593792871995405, 2.1635254621505737, 2.1658684448762373, 2.149842045523904, 2.1464558731425893, 2.1498986049131914, 2.137530272657221, 2.1406926675276323, 2.1407612670551646, 2.135297190059315, 2.1351208686828613, 2.1374734206633135, 2.131385575641285, 2.139007102359425],