{"train_loss": [0.9653790998153198, 0.6273317287365595, 0.5543300211429596, 0.49659026586092436, 0.4763782257452989, 0.44037434210379917, 0.42183577899749464, 0.39019810866851073, 0.3825857335558304, 0.3547035411764414, 0.3452617166898189, 0.3323717279694019, 0.31342163701088, 0.3066472869652968, 0.29999948464907134, 0.30173292326239437, 0.28355943774565673, 0.2864458211339437, 0.2806711180660969, 0.26684404709018195, 0.2726706232015903, 0.2590961746680431, 0.26023261382793766, 0.2534531960502649, 0.2551901441736099, 0.2491169146811351, 0.2413017390630184, 0.2334708383259101, 0.2319284172203296, 0.22519062459468842, 0.224138938750212, 0.2303113867648137, 0.22019187638010734, 0.22446834869109666, 0.2337877161991902, 0.22002343212564787, 0.21355962552703345, 0.21838101353018713, 0.21241927185119727, 0.2111734388730465], "validation_loss": [1.139625648657481, 1.1873113413651784, 1.1606360574563344, 1.217933972676595, 1.156220555305481, 1.1589592496554058, 1.2563054362932842, 1.2777006725470226, 1.3832452694574993, 1.260095367829005, 1.2439008951187134, 1.2305180827776592, 1.2088519434134166, 1.286108632882436, 1.31097016731898, 1.3225827316443126, 1.3706976473331451, 1.30360080798467, 1.2770957450071971, 1.4023770491282146, 1.285266488790512, 1.3601181109746296, 1.2678334017594655, 1.3498571316401164, 1.4477487007776897, 1.3415050506591797, 1.3904959460099537, 1.4396386047204335, 1.5564823945363362, 1.4130708773930867, 1.5624296267827351, 1.372421274582545, 1.3967981735865276, 1.5009651184082031, 1.3482303619384766, 1.482076366742452, 1.5164061188697815, 1.4377004106839497, 1.4407846927642822, 1.3739869395891826], "epoch": [0, 1, 2, 3, 4, 5, 6, 7, 8, 9, 10, 11, 12, 13, 14, 15, 16, 17, 18, 19, 20, 21, 22, 23, 24, 25, 26, 27, 28, 29, 30, 31, 32, 33, 34, 35, 36, 37, 38, 39], "best_val": [[0, 1.139625648657481]]}