{"train_loss": {"total": [2.7786380521712766, 2.436073036347666, 2.3271653429154426, 2.25625906836602, 2.202094804856085]}, "val_loss": {"total": [3.048439719460227, 2.82922380620783, 2.7228853052312676, 2.6483144109899346, 2.5960915955630215]}, "val_eval": {"mAP": [2.302555836979047e-05, 7.444353457902181e-06, 2.21004243281471e-06, 0.0, 0.0]}, "best_val": {"mAP_val": [2.302555836979047e-05], "epoch": [1]}}