{"train_loss": {"total": [1.742739515150747, 1.5854534372206657, 1.4294160304530974, 1.4792947188500436, 1.4602494035997697, 1.4197006985064475, 1.3912013613408611, 1.371820874752537, 1.3300961482909417, 1.2847454805527965, 1.2717696745549478, 1.2279013872146607, 1.189635390812351, 1.165170951235679, 1.1424732936966804, 1.1288100101294056, 1.1059080668034091, 1.0939369133403225, 1.082172791323354, 1.0738359975238, 1.0530595256436255, 1.037563304074349, 1.0271014696167362, 1.0054792754111752, 0.9962956853451267, 0.9838141568245427, 0.9611642524119346, 0.9590554262361218, 0.937367652981512, 0.9346273271306869, 0.9220511111520951, 0.9212730163528073, 0.8910136101707335, 0.8921817124851288, 0.8786781881124742, 0.8668472731305706, 0.8610035887648982, 0.8541382796341374, 0.845238568129078, 0.8293438605723843, 0.8256693538158171, 0.8104829767057973, 0.812749564359265, 0.7975939841039719, 0.7950174749858918, 0.7906852654872402, 0.7840284715737066, 0.7747625797025619, 0.7668184100620208, 0.7590960269974124], "classifier": [0.28299473834133915, 0.23275480340084723, 0.24437960935456138, 0.31586310805812956, 0.3108995547818561, 0.2973806936774523, 0.2891371467781644, 0.28129735444221765, 0.27053336264986183, 0.2558103563414226, 0.25171221135364424, 0.24902829998923887, 0.24711459478243225, 0.24339248160080565, 0.24611747333058906, 0.24401632958963032, 0.2446376552144366, 0.24217046630238334, 0.23887785448422355, 0.23738341300237564, 0.2335612558309109, 0.23141223361655588, 0.228448214526138, 0.22635441588297966, 0.22133389223487146, 0.22311335961905218, 0.21480240098411038, 0.21721482686698437, 0.21323518190653093, 0.21169076618408003, 0.2088044742242463, 0.20865511567361894, 0.20399628037646894, 0.20263403627660967, 0.19936058063420556, 0.19907803572714328, 0.1966194394134706, 0.19604988926120342, 0.1934717305244938, 0.1919963265018117, 0.18996065166448392, 0.18724001933249734, 0.18719010804930042, 0.18620175376774803, 0.1864970886899579, 0.1833790321684172, 0.18111099076847875, 0.17868436927035933, 0.17839740816383592, 0.17802247381618908], "box_reg": [0.06196323800548036, 0.178215342447836, 0.2819369517200093, 0.4175278474753272, 0.4516394442623888, 0.46830463950595475, 0.48263833505583126, 0.4959524951606234, 0.5035043685396593, 0.49936588146430894, 0.4915162444159749, 0.4818990549072623, 0.4760751953288432, 0.46910405575988756, 0.46517306722460255, 0.4624355835344402, 0.45390188244111357, 0.4541390297033133, 0.44932772300897106, 0.4442448594397114, 0.440247334119293, 0.4317791715745003, 0.42920165137658195, 0.41929526175222087, 0.41337085279726216, 0.40730766060371554, 0.40097859357633897, 0.40208487080470207, 0.38800255132298317, 0.3898009823695306, 0.37854783520583185, 0.3777262585538049, 0.36553079584433185, 0.3661269261712028, 0.35971237165072273, 0.3570610641952484, 0.35333171103510164, 0.34763366543958263, 0.34368572789094143, 0.33664822982203574, 0.3346710154245938, 0.32996136546134947, 0.3279398386396708, 0.3208064320707513, 0.31695778428787186, 0.3183442567144671, 0.317451407075409, 0.3070376927093152, 0.30546314408702235, 0.30234191191773263], "mask": [0.6542342316719794, 0.5223504193367496, 0.518828272819519, 0.4845762018234499, 0.45967498104418475, 0.4292110321021849, 0.4067387676046741, 0.39432332246534285, 0.37067182102511004, 0.3571262547085362, 0.367186539980673, 0.34588172108896315, 0.32547520677889547, 0.32020327621890654, 0.3037859367747461, 0.300431504076527, 0.29094385937336953, 0.2859903750881072, 0.28537083614257075, 0.2866049550233349, 0.2768383805790255, 0.2723672012167592, 0.27075854645621394, 0.2635443692245791, 0.267428687695534, 0.2596975379413174, 0.2555781182742888, 0.251017068278405, 0.2493178296954401, 0.2482229445730486, 0.2502102258705324, 0.2518322214484215, 0.24017903559630918, 0.24356887109817998, 0.23982120925380337, 0.23438030265031323, 0.23514253011634273, 0.23554992762304122, 0.23334756195545198, 0.2287095270329906, 0.22830396832958344, 0.2232721658964311, 0.22738392131943858, 0.22102012571788604, 0.22432250327640965, 0.22114811568490922, 0.2196301059376809, 0.2222966490734008, 0.2186998960952605, 0.21519972432044246], "objectness": [0.6791936301415966, 0.5881680267472421, 0.32052313089370726, 0.19811342238418517, 0.1760707710539141, 0.1639795149646459, 0.15278054997925797, 0.14145489846386256, 0.1275584048501426, 0.11621461699326192, 0.10647067545402435, 0.09777601609427121, 0.08900726633747258, 0.08168191390352383, 0.07802127656196395, 0.07377403039154747, 0.0693312002631325, 0.06526539629295228, 0.06298264261905945, 0.06051439065185766, 0.058131300778909316, 0.05855731622976882, 0.055710113195762516, 0.05385733677539974, 0.052521326427438085, 0.052224392339497085, 0.04879500372410422, 0.04826290393097987, 0.047025734653335906, 0.04524377232357379, 0.04538742076012216, 0.043961183050827635, 0.042813924475828366, 0.04186410717891469, 0.0419615448200925, 0.03915078074430987, 0.03889787556197975, 0.03811398917891746, 0.038201183479020163, 0.03590440424891459, 0.03690324708624112, 0.034685218813378486, 0.034976340976033, 0.03472925372001144, 0.032703079020739684, 0.03349860783989331, 0.0318659661119924, 0.03283161689365854, 0.03083172308754236, 0.03035489865400333], "rpn_box_reg": [0.06435369160664718, 0.06396484574088977, 0.06374806694746499, 0.0632141379680815, 0.06196466248797914, 0.06082481616439538, 0.05990655956857447, 0.05879279670170358, 0.05782818672089507, 0.05622837441980899, 0.05488400503564926, 0.053316299488107045, 0.051963128292212085, 0.05078922128530159, 0.049375544529738684, 0.0481525638174536, 0.04709346974700419, 0.04637164866698215, 0.04561373286921861, 0.045088374686911854, 0.04428125149382639, 0.04344738452336676, 0.04298294440302397, 0.04242789350419996, 0.04164092248895265, 0.041471205594866806, 0.04101013923542679, 0.040475757998994534, 0.03978635095958335, 0.03966886439030209, 0.03910115369381533, 0.03909824414097989, 0.03849357640823244, 0.03798776861329961, 0.03782248177172263, 0.03717709326893166, 0.03701202789365667, 0.03679081108937446, 0.03653236683096639, 0.036085372942597456, 0.03583046656384531, 0.0353242066523601, 0.035259352785238486, 0.03483642204045018, 0.034537025206678194, 0.03431525416268531, 0.03397000258689419, 0.03391225241258883, 0.03342623857956383, 0.033177019293267926]}, "val_loss": {"total": [2.162713484330611, 2.061887177554044, 2.2723221995613794, 2.2641243176026777, 2.2016650329936636, 2.1843548796393653, 2.1507931405847724, 2.1240310343829067, 2.111915848471902, 2.105627937750383, 2.0954614119096235, 2.014813845807856, 1.9862483523108743, 1.9645624594254927, 1.9413784525611184, 1.9274025505239314, 1.9147185195576062, 1.886666482145136, 1.8800531083887273, 1.8361871567639438, 1.8681458668275313, 1.8598385615782305, 1.831577181816101, 1.7766682668165727, 1.8274479454213923, 1.7996351285414263, 1.7997779846191406, 1.762695691802285, 1.770013148134405, 1.7374793832952327, 1.7224847186695447, 1.745590166612105, 1.7056282541968606, 1.6966709982265125, 1.6564885052767666, 1.6285356499932029, 1.6629229458895596, 1.6608888886191628, 1.6745516061782837, 1.6304817199707031, 1.6336568160490557, 1.623798587105491, 1.5808280814777722, 1.6042082959955388, 1.6093335151672363, 1.6067071611231023, 1.5834706154736606, 1.645157814025879, 1.596597747369246, 1.5823269215497104],