{"train_loss": {"total": [3.205225727635045, 2.7136485853502825, 2.4793592868312713, 2.3161922608652423, 2.199004747790675, 2.114797468339243, 2.0518518440185054, 2.0048169812848493, 1.9660435838084067, 1.9313635364655526, 1.9003862050271803, 1.8713183103069182, 1.844166793361787, 1.8207133931498374, 1.7983344554901124, 1.7783198925756638, 1.7585874542113273, 1.7418283977816182, 1.72702826299975, 1.7118995574212843, 1.698958598413775, 1.6868399304728354, 1.6761643571238365, 1.6663492802650697, 1.6569941805255028, 1.648188974011329, 1.6388712867613762, 1.631958439273219, 1.625238310906195, 1.6194474612512897, 1.6129105544859363, 1.6081461537268853, 1.6020474456971692, 1.5971103175993888, 1.5925677660972841, 1.5886495090300037, 1.5848730771772324, 1.5807624701530703, 1.5766901231581165, 1.5725065808142384, 1.5698688061006607, 1.5676538690443962, 1.5641633118352583, 1.561099818445021, 1.5586963915055798, 1.556343013240445, 1.5520066515091926, 1.5528103628466206, 1.5522349223013847, 1.5500323095629291], "classifier": [0.7014697786300413, 0.640400759250887, 0.5966456890106201, 0.5608644770037743, 0.529427114417476, 0.5012153765847606, 0.47437147671176544, 0.4492393822439255, 0.4254190794883236, 0.40327997822915357, 0.3821235054923642, 0.36262427395389923, 0.34372345247576314, 0.3276586691218038, 0.31232994804459235, 0.2981650120789005, 0.28498077051293463, 0.2739823166881838, 0.2635767789136979, 0.2540245397917686, 0.2457149489752708, 0.23804823328410427, 0.23120464769101912, 0.22563418678699002, 0.22025844171162576, 0.215449223451076, 0.21058655405236829, 0.20732945295110825, 0.2038750333170737, 0.2012347884476185, 0.19790212379828576, 0.1954368676149076, 0.19320391604015905, 0.19106140518861434, 0.1895982544749014, 0.18841087923895927, 0.18685752828755686, 0.18583689077246573, 0.18452545885116822, 0.18377464331926838, 0.1828778758885399, 0.18219149917844804, 0.18169686039609292, 0.1808113678809135, 0.18055206840076754, 0.18037300369431897, 0.17966344402201714, 0.17960723684199395, 0.17966742840024733, 0.17916195534410015], "box_reg": [0.04191649441199843, 0.03728628220574577, 0.035603379057166394, 0.0339178506507925, 0.033833680600265884, 0.03362509945661934, 0.032607818378704495, 0.03257460060356666, 0.03264326166451698, 0.032539935146680014, 0.0326471019796783, 0.03266039255735626, 0.0325547219290691, 0.03281720611996735, 0.03310493786702864, 0.033556836805444384, 0.0336359362163949, 0.03380246427585652, 0.03476518419725659, 0.03463269664876392, 0.035369290161108964, 0.035610548160466056, 0.03599714703086647, 0.03659994110264139, 0.03714592341723713, 0.038112058528138495, 0.03826504066324091, 0.03873647849254813, 0.03952207143679956, 0.04028318259203637, 0.0409207728594934, 0.041782093830190735, 0.04259818265101433, 0.04303724235308642, 0.04352699987632091, 0.04421512478471531, 0.045302695316387406, 0.04549068946751856, 0.04616277639365909, 0.04620042863483128, 0.047461870121145285, 0.048665608215261245, 0.0488878288327537, 0.049705891578243254, 0.05003454743606609, 0.05078860454783764, 0.050788969904791766, 0.05242442761535189, 0.05353784162214124, 0.05430468541149645], "mask": [1.6976828275188323, 1.2731714579366868, 1.085252736460778, 0.9602496406724376, 0.8750464170209823, 0.8194341471118312, 0.7848112515864833, 0.7632435269894139, 0.7485971541173997, 0.7364084372597356, 0.7268587541195655, 0.7175917087062713, 0.7097974677239695, 0.7024498320394946, 0.6954466937049743, 0.6891707080025826, 0.683033763593243, 0.6773798732988296, 0.6723450095422806, 0.667285390246299, 0.6624248368124808, 0.6580366190402739, 0.6542264601876658, 0.6498186378709732, 0.6455456743317266, 0.6410942573701182, 0.6367371687966008, 0.6331249423565403, 0.6293842688683541, 0.6259962241495809, 0.6225981906537087, 0.6196725147385751, 0.6156945330481376, 0.6127991639798688, 0.609666754545704, 0.606629010746556, 0.6038590038976361, 0.6008607679797757, 0.598006913738866, 0.5950252869436817, 0.592457833597737, 0.5901095244192308, 0.587479479082169, 0.5850697203989952, 0.5829747842204186, 0.5805931256663415, 0.5774062437395896, 0.5772060305841508, 0.5759823451119085, 0.5739847162077504], "objectness": [0.6985610777331936, 0.6975160521845664, 0.6968135322293928, 0.6962547798310557, 0.6959484042659883, 0.6955434230066115, 0.6952586370129739, 0.6949502564245654, 0.6945659287514225, 0.6943959528400052, 0.6939593126696925, 0.6936813527537931, 0.6934287694192702, 0.6930498853806526, 0.6927998577394793, 0.6926231814968971, 0.6920875472407187, 0.691911514343754, 0.6915480302226159, 0.691259596040172, 0.6907556176185607, 0.6904550225503983, 0.690033838441295, 0.6896366042475547, 0.6893518755512853, 0.6889170431321667, 0.6884951160800072, 0.6881272435188294, 0.6877356613835981, 0.687250623395366, 0.6868581168113216, 0.68655388662892, 0.6859245638693533, 0.6855885640267403, 0.685133090711409, 0.6847356492473233, 0.6842605975366408, 0.6839120264976255, 0.6834071178590098, 0.683016876636013, 0.6825399498785696, 0.6820348170495802, 0.681577427925602, 0.6809652193900078, 0.6805485294711205, 0.6800814697819372, 0.6795074547490766, 0.6790143701337998, 0.6784826601705244, 0.6780073715794471], "rpn_box_reg": [0.06559556930864816, 0.06527404880682532, 0.06504396454031174, 0.06490551784283466, 0.0647491264264963, 0.06497943050748173, 0.06480265284809585, 0.06480921557691369, 0.06481816844297422, 0.06473922461417744, 0.06479752908419487, 0.06476057945232418, 0.06466238568161405, 0.06473780096332062, 0.06465301107006868, 0.06480414980361539, 0.0648494335648138, 0.06475223257364104, 0.0647932501344551, 0.06469733337308431, 0.06469390475653082, 0.06468950082874676, 0.06470225685569007, 0.06465991177566109, 0.06469226499527482, 0.0646163925417744, 0.06478739914901165, 0.0646403254175018, 0.06472127251740124, 0.06468264978686948, 0.06463135129344019, 0.06470078635461358, 0.0646262489202913, 0.06462394340159071, 0.06464267783129828, 0.06465884495466467, 0.06459324612515047, 0.06466209995147261, 0.06458785624483661, 0.0644893458041723, 0.06453128085873511, 0.06465241101179872, 0.06452171866755722, 0.06454762341623616, 0.06458646313460063, 0.06450681262593266, 0.06464054600763766, 0.06455829836251664, 0.06456463941046217, 0.06457358247378932]}, "val_loss": {"total": [3.6719601371071557, 3.2744558941234243, 3.006245656446977, 2.825723886489868, 2.6860650235956367, 2.5933042656291616, 2.528441559184681, 2.485160307450728, 2.4484489397569136, 2.4175506071610884, 2.39497447013855, 2.3731734319166704, 2.3522825891321357, 2.3389208533547143, 2.3209786848588423, 2.302688230167736, 2.289864724332636, 2.275428208437833, 2.2617146535353227, 2.2494412660598755, 2.238506490534002, 2.228915799747814, 2.2209113511172207, 2.207006237723611, 2.204300869594921, 2.1990236043930054, 2.190928177400069, 2.1854327700354834, 2.1819089109247383, 2.1834032210436733, 2.1793080893429844, 2.1758380911566992, 2.171606172214855, 2.1639977151697334, 2.165751652284102, 2.1642393307252363, 2.1606295867399736, 2.1655165282162754, 2.1627307913520117, 2.1507561857050117, 2.150154222141613, 2.1471405679529365, 2.138477748090571, 2.1365282860669224, 2.1349486762827095, 2.139302611351013, 2.135942144827409, 2.1404203935102983, 2.138203360817649, 2.1377443833784624],