{"train_loss": {"total": [2.209453175913903, 1.5966529154008435, 1.4510901808738708], "classifier": [0.5500594681309116, 0.409201241500916, 0.3599420455194289], "box_reg": [0.6619919979374015, 0.6574178655721968, 0.6359951496845292], "mask": [0.5615967094898224, 0.322494635947289, 0.28534713002943224], "objectness": [0.3667524531168202, 0.14236379753227435, 0.10548021977376794], "rpn_box_reg": [0.06905256508766944, 0.06517536375857515, 0.06432563941118367]}, "val_loss": {"total": [2.4505012143741953, 2.1639250950379805, 2.02643101865595], "classifier": [0.5088698484680869, 0.4607547440312125, 0.419200983914462], "box_reg": [0.7693296779285778, 0.7356493418866937, 0.7175445502454584], "mask": [0.4848216744986447, 0.404982176694003, 0.3680227073756131], "objectness": [0.4904841591011394, 0.36504827507517557, 0.3297632461921735], "rpn_box_reg": [0.19699587740681387, 0.1974905404177579, 0.19189950756051324]}, "best_val": {"model_val": [2.4505012143741953, 2.1639250950379805, 2.02643101865595], "epoch": [1, 2, 3]}}