{"train_loss": {"total": [1.0286251969875828, 0.6799738601330788, 0.5933432034907803, 0.5444635655610792, 0.49413964056199594, 0.4548252493143082, 0.4307158189915842, 0.41292210264552026, 0.3894472809568528, 0.3737301343871701, 0.3559393700572752, 0.3445791245948884, 0.34112893169926056, 0.3332372759138384, 0.31263739274394126, 0.3180199173669661, 0.30879273568430254, 0.2917218808204897, 0.29615730042419125, 0.2785493771876058, 0.27724488190104885, 0.2676594436649353, 0.26192995218500015, 0.25453567399132637, 0.25333697118105425, 0.2435375347252815, 0.250361329701639, 0.24574132105035165, 0.2507686716414267, 0.24207804726977503, 0.23732803141878497, 0.22803964163026502, 0.24123295757078356, 0.22797009305607888, 0.23907154692757515, 0.2337686096948962, 0.22902239229409926, 0.21794489617309262, 0.2260813305935552, 0.21872932281224958, 0.21824203316242463, 0.2209956039344111, 0.22048757258922824, 0.22046623585685607, 0.22092727518850758, 0.2154484309496418, 0.20756490514163048, 0.2094684065830323, 0.20311301566900747, 0.20519246559950613], "classifier": [0.22709388427676694, 0.14253969082548734, 0.12349891267236202, 0.11074383557443657, 0.0967834003299715, 0.08590136015967977, 0.0811097355589511, 0.0763305407227768, 0.06948759440753248, 0.06662749163506011, 0.06108720178956226, 0.059920678600188224, 0.057665963212568914, 0.058114431816483694, 0.052669655992799706, 0.05035624272685738, 0.050276471807381075, 0.04703239461091618, 0.047952707153895206, 0.043933429172442806, 0.044992512813018214, 0.04289945513610878, 0.041414481057830514, 0.04180394516011039, 0.040275025160442436, 0.038703996595746325, 0.03884426684554426, 0.03752410117491719, 0.03926852100769118, 0.03910771185802596, 0.035724122063331906, 0.036123275367407906, 0.037417442389133, 0.035476617593198055, 0.03724304893910284, 0.036758566125776736, 0.03440990936041119, 0.03358787665023438, 0.035911810108190105, 0.035275541911382345, 0.0325605666077125, 0.033957839700123, 0.034232518921095516, 0.033306059400520976, 0.03237804208221214, 0.03350479984055123, 0.0326442796661849, 0.032951349520214626, 0.030814181534092752, 0.03244790783031814], "box_reg": [0.3328754805028439, 0.26087300920438383, 0.2339115141620559, 0.21433982704916307, 0.19091553973454622, 0.17718103573687616, 0.16687433428822024, 0.1562754835753191, 0.14621398631603488, 0.13826798736568421, 0.13394447282677696, 0.12458245065664092, 0.12453062679137915, 0.12019433211535216, 0.11136578998017696, 0.118244022004787, 0.110085356301598, 0.10287233592882272, 0.10476590521152943, 0.096869690370776, 0.09532090039142678, 0.09166097796011356, 0.08702162766769048, 0.08461947638481375, 0.08467853938740107, 0.07722703370475961, 0.08273348719061863, 0.08050280784767481, 0.08494157940149308, 0.07733978369543629, 0.0751926799785466, 0.0711042940496437, 0.08064875849372437, 0.07272244669016331, 0.07681884010652862, 0.07167323158392983, 0.07073067431187918, 0.06477361013211551, 0.07078330694066902, 0.06829306769274897, 0.06632641502205402, 0.06610283620595452, 0.06914218701422215, 0.0677199185855927, 0.07247750142649297, 0.06729632580893175, 0.06346081465843224, 0.06310299296052226, 0.06023305241739558, 0.05808850378098507], "mask": [0.24336686230474902, 0.17917022060963414, 0.1630116053165928, 0.15615881335350776, 0.14709197162620483, 0.14285743683576585, 0.13811944110258934, 0.1359901559929694, 0.13408607018570745, 0.1302355042869045, 0.12696332023028403, 0.127122558533184, 0.12667282483270093, 0.12474510136150545, 0.1199692182723553, 0.11962674841765435, 0.11982276350740463, 0.11733557663617596, 0.11564756663095567, 0.11382325277213128, 0.11369425135274087, 0.11297103397307857, 0.11162339545065357, 0.10811330846721126, 0.11022410628295713, 0.10744821215348858, 0.10925104868027471, 0.10932635876440233, 0.10782699873370509, 0.10585004550314718, 0.10578221955126332, 0.10440641598355385, 0.10670661462410803, 0.10397414906371025, 0.10573279338498269, 0.10359842435967538, 0.10213928530293126, 0.10252700044262794, 0.10251696258783341, 0.10276358651538049, 0.10232676005651874, 0.10203962965357688, 0.09982814735943271, 0.1018386794674781, 0.1003100995575228, 0.09991838915213462, 0.09927411636998576, 0.09821778045546624, 0.09884001627083748, 0.09788572612789369], "objectness": [0.14079750575455688, 0.036724041972587246, 0.02102083418848774, 0.015240611294434676, 0.01615271536387398, 0.010195573251844654, 0.009073601483138308, 0.0084267194548081, 0.006695025910542632, 0.005598613262695689, 0.005294171203727714, 0.004593368799455235, 0.005074386885403768, 0.004888478022433945, 0.003970879725743397, 0.00517454401978607, 0.0044207936199640125, 0.0031952510631996236, 0.0036660867667441996, 0.0030839944458479762, 0.0027707340916916317, 0.0026344085073487216, 0.0029723065866076675, 0.0022159638086210885, 0.002411493570786749, 0.0025212056994449437, 0.002337799285587314, 0.002044463139493253, 0.0026253199341930845, 0.0024542175167939165, 0.0027554550289301738, 0.002395517283765648, 0.0019776203354687763, 0.0022726159461296533, 0.002674880537333299, 0.002755765594614082, 0.0025640225508933297, 0.002183332124783896, 0.0021135971096790003, 0.0017315851788753795, 0.0023385946657189407, 0.0023312140771351198, 0.0019602542067919024, 0.0023001868270160143, 0.001957660682174103, 0.001993116969717976, 0.0017569609778929002, 0.002323509195476588, 0.0020108148166752557, 0.0025294461082863095], "rpn_box_reg": [0.08449146198259005, 0.06066689946249338, 0.05190033884888004, 0.04798047611196037, 0.043196014570675026, 0.03868984084138872, 0.03553870361149987, 0.035899202275228866, 0.03296460369695729, 0.033000536749586314, 0.028650200872535576, 0.028360065538154525, 0.027185129839117216, 0.025294932714783617, 0.024661849153668418, 0.024618359793478907, 0.024187348642425926, 0.021286320377487667, 0.02412503381342357, 0.02083900955471871, 0.02046648247276373, 0.017493568375967668, 0.018898143201377317, 0.017782979705835686, 0.015747804973849974, 0.017637086123343783, 0.017194730206923733, 0.01634358915553387, 0.016106252368744238, 0.01732628838129336, 0.01787355605805304, 0.014010137819188398, 0.014482521858148937, 0.01352426434765338, 0.01660198502134834, 0.018982622647813367, 0.019178499760129208, 0.014873077067668125, 0.014755654584282197, 0.010665541472060855, 0.014689696500036301, 0.016564083065449882, 0.015324464594373092, 0.015301390663408975, 0.01380397050163611, 0.012735798442407676, 0.010428733429879714, 0.012872774543399329, 0.011214950803329678, 0.01424088229771681]}, "val_loss": {"total": [1.3351430080153726, 1.2027783448045903, 1.1752073602242903, 1.1599877747622402, 1.0526375770568848, 1.1823877963152798, 1.1651528477668762, 1.1990941491993992, 1.1807367693294177, 1.2841130224141208, 1.2246394807642156, 1.3402132987976074, 1.345769464969635, 1.3314246860417454, 1.3278792717240073, 1.3303620327602734, 1.3566775484518572, 1.3710657574913718, 1.278924578970129, 1.3952397866682573, 1.3727303364060142, 1.2920492724938826, 1.3840943358161233, 1.3383356712081216, 1.3924284685741772, 1.296671444719488, 1.4520370960235596, 1.4542830694805493, 1.453006468035958, 1.3626578612761064, 1.3579728332432834, 1.3899978616020896, 1.4507017948410728, 1.4914968880740078, 1.376988703554327, 1.343353201042522, 1.4292057210748845, 1.5124030709266663, 1.5176044377413662, 1.439828710122542, 1.5782969377257607, 1.398780649358576, 1.4918502948500894, 1.4764216271313755, 1.4137392098253423, 1.4129974029280923, 1.4699651273814114, 1.4831228798085994, 1.4770585190166126, 1.4754835583946921],