{"train_loss": [0.9541518653814609, 0.6253634156324924, 0.5676205977797508, 0.513940124748609, 0.4818642681989914, 0.4462232599273706, 0.4193882256364211, 0.39663891150401187, 0.3765277209190222, 0.37411390455105364, 0.35030795022463185, 0.3408618628596648, 0.33931094656387967, 0.3164055502185455, 0.31012611874403095, 0.2979698565143805, 0.29253622335501206, 0.2881464855029033, 0.28180646437865037, 0.27554346429996, 0.27266055479263646, 0.26766557771808064, 0.2703640415118291, 0.25804951997139514, 0.2594481432476105, 0.24954193849594164, 0.2469455124093936, 0.24565254705838668, 0.2336419857083223, 0.24618147686123848, 0.24052836153751764, 0.24106076980630556, 0.23725505870504257, 0.22150133330470476, 0.22404655412985727, 0.21826945531826752, 0.2220684850636201, 0.22513031443724266, 0.22252333536744118, 0.21346620030892202], "validation_loss": [1.142969806989034, 1.1968822379906972, 1.118819793065389, 1.1969205538431804, 1.1459399660428364, 1.1800103783607483, 1.2721334000428517, 1.213011642297109, 1.2964638272921245, 1.273365080356598, 1.2440369129180908, 1.3167093992233276, 1.2096156378587086, 1.2776512106259663, 1.130482296148936, 1.417789230744044, 1.278568188349406, 1.3411838014920552, 1.3828066289424896, 1.305926650762558, 1.3730896313985188, 1.4097391068935394, 1.3733463982741039, 1.2763770620028179, 1.5159395436445873, 1.3476243019104004, 1.3952453831831615, 1.4535624086856842, 1.6362406611442566, 1.3875033656756084, 1.4616717795530956, 1.424055238564809, 1.3285749554634094, 1.501930554707845, 1.3754905064900715, 1.443152477343877, 1.5857398509979248, 1.4298763672510784, 1.5950863858064015, 1.3748642206192017], "epoch": [0, 1, 2, 3, 4, 5, 6, 7, 8, 9, 10, 11, 12, 13, 14, 15, 16, 17, 18, 19, 20, 21, 22, 23, 24, 25, 26, 27, 28, 29, 30, 31, 32, 33, 34, 35, 36, 37, 38, 39], "best_val": [[0, 1.142969806989034], [2, 1.118819793065389]]}