{"train_loss": {"total": [1.8620310245021696, 1.5451515524618087, 1.6281289877430085, 1.6579053413483404, 1.5590300379260893, 1.5402504863277557, 1.524534878038591, 1.491939301644602, 1.4650173898666137, 1.4427492720465507, 1.4072275323252523, 1.3808948076540424, 1.3600261822823556, 1.339555170074586, 1.3197029502161088, 1.3023554740413543, 1.2814874181824345, 1.2691199002727385, 1.247544854494833, 1.2409198920572957, 1.2566133037690193, 1.2345457871114054, 1.2105583121699672, 1.1935076745287065, 1.183507123301106, 1.1625893952385071, 1.1634972785749742, 1.1528502925749748, 1.1493378546930129, 1.1334869555888638, 1.1256728199220474, 1.1162708061356699, 1.1050731942538292, 1.102383049649577, 1.091578001456876, 1.08451489287038, 1.066087711914893, 1.0625440203374432, 1.061976723132595, 1.0504931860393094, 1.0505351883749807, 1.0393891237435802, 1.033574603642187, 1.0267357568587026, 1.0202609279463368, 1.0142907780024313, 0.9957656438312222, 0.9914193268745176, 0.9952717005245147, 0.9784892736904083], "classifier": [0.32678039742092935, 0.1906822298803637, 0.2431741247013692, 0.2840424636679311, 0.2959686947686057, 0.316249620505879, 0.3205808263632559, 0.3166846092550024, 0.31100927650808324, 0.30330123377423135, 0.2974809015950849, 0.29034148580845326, 0.28458992480751005, 0.2774093942836888, 0.2711132532826835, 0.26728020658896817, 0.2615857723679754, 0.25557479819342976, 0.25223190937972356, 0.25330002556044245, 0.25683261419556314, 0.2564210620858977, 0.25342335723520765, 0.2520496968119856, 0.25294106194088534, 0.25042329192642243, 0.25339962150300704, 0.2511778789181863, 0.25245787664767233, 0.25200043651125126, 0.2492349485716512, 0.24849343644755503, 0.24853245692868386, 0.24925433039184539, 0.24585633395660308, 0.24475987753079784, 0.24209338751050732, 0.24264104253342075, 0.24080364966104106, 0.23806298115561086, 0.23849118363953406, 0.23619130471300695, 0.23504491613036202, 0.23230233305404263, 0.22869693097327987, 0.2297688011320368, 0.22701180922167916, 0.22486958382350783, 0.22734182529872463, 0.22364929027615055], "box_reg": [0.04137071003830398, 0.08066462454004772, 0.17385268691178946, 0.29237781079538117, 0.3766538007631748, 0.42996684990005546, 0.45711228399656734, 0.4664951878597945, 0.46913362094210537, 0.47082209093263844, 0.4753459019479417, 0.47549623650303413, 0.4784577672248669, 0.47933134579774733, 0.4795285441445172, 0.4792634643106853, 0.4812717885027298, 0.4812482088111856, 0.4829348456523862, 0.4851015389857498, 0.49599845632985834, 0.4929080000774364, 0.4866389023654553, 0.4818024828038629, 0.4805969351001324, 0.47024706522183074, 0.4739497668320133, 0.47203175163557454, 0.4647826259054484, 0.46546329065195974, 0.46459306273008544, 0.46015862522106016, 0.4562627361366345, 0.4540838874155475, 0.4531646673116953, 0.4463274803373121, 0.44474711811109896, 0.4431326508522034, 0.4434669089894141, 0.4377477562475589, 0.4373241295016581, 0.43533716166932734, 0.4310193157965137, 0.4281753270135772, 0.42475440730490993, 0.42152057805609316, 0.4153500820359876, 0.4142617949074314, 0.416308997871895, 0.40841925398957346], "mask": [0.7393985581013465, 0.5432325342009144, 0.5255425014803486, 0.5367062236032178, 0.5286617407875677, 0.5008326242046971, 0.47953139428169494, 0.4562277324738041, 0.44366860312800255, 0.437223611147173, 0.4110630711240153, 0.39933551424934016, 0.3874192190747107, 0.37986806621474606, 0.3718545002322043, 0.3650296375636132, 0.3549188441807224, 0.35642186143705923, 0.34364975373591145, 0.3405710276096098, 0.3475751127927534, 0.33412749123188756, 0.324436832724079, 0.32120359741872356, 0.313148366347436, 0.3086957577736147, 0.30616746237201076, 0.3042348418504961, 0.3071248151602284, 0.29549567314886277, 0.2937992791975698, 0.2907962171300765, 0.28591883720890165, 0.28738133109384967, 0.2815263488600331, 0.2852684042146129, 0.2733012508000097, 0.27271169847057714, 0.27363651308321185, 0.27161492628435935, 0.27229321848961613, 0.2675895107369269, 0.26758066689775833, 0.2688500811015406, 0.2687764283630156, 0.26713252913567326, 0.2587685428319439, 0.25908508661293217, 0.25787924456019556, 0.255503183651355], "objectness": [0.6898723344649038, 0.6662921151807232, 0.6215148352807568, 0.48081244749407615, 0.29371668960778946, 0.22955705283149597, 0.20397467495452973, 0.18969462370920565, 0.17882355130728214, 0.16959387825862055, 0.16202310464915728, 0.1548099588001928, 0.14911480660760595, 0.14319494635828078, 0.13798902770203927, 0.13232253715696354, 0.125871108424279, 0.11876375213145249, 0.11233690227231671, 0.10632381640494831, 0.10140243611869312, 0.0972726852813315, 0.09298886255992035, 0.08645035041375987, 0.08544066755341426, 0.08270704775988574, 0.07998429631453849, 0.07620279081616431, 0.07615304655665832, 0.07233050017046833, 0.07040377159738131, 0.06965336365955732, 0.06787580549116096, 0.06569847709709598, 0.06538573935733087, 0.0629402716246043, 0.061165704611959235, 0.05958813875838513, 0.059977369378846616, 0.05917887157730518, 0.058989973084610556, 0.056947595666673394, 0.05703048943767264, 0.0546458508845629, 0.05562988346622836, 0.05377877500741893, 0.052900566870436795, 0.05160970145183045, 0.05237437667768268, 0.049920061801845626], "rpn_box_reg": [0.06460903161674768, 0.06428004537592642, 0.06404483292097857, 0.0639663940689887, 0.06402910336919669, 0.06364435974448439, 0.0633357024276554, 0.06283713874985433, 0.06238234198479463, 0.06180846574453397, 0.061314558311020055, 0.06091162611114522, 0.060444462594516093, 0.05975141091903131, 0.05921762293137069, 0.05845962246943776, 0.05783990560974475, 0.05711128454178482, 0.05639143246563993, 0.0556234780330992, 0.05480468256977357, 0.0538165443539319, 0.053070357281924975, 0.05200155435163798, 0.051380093665155134, 0.05051623216976652, 0.04999614184602134, 0.04920303166520992, 0.04881949395865142, 0.048197048160457806, 0.0476417500796097, 0.04716916051017301, 0.04648336533629786, 0.04596502256857592, 0.045644916409547744, 0.04521885436289238, 0.044780246765942375, 0.044470491024643004, 0.044092280541231196, 0.043888652344392015, 0.043436683283746995, 0.04332354907997914, 0.04289921850394157, 0.042762167534073664, 0.042403275838624986, 0.04209009185405223, 0.04173465127927146, 0.04159316170177678, 0.0413672546666461, 0.04099748697138444]}, "val_loss": {"total": [2.107863328673623, 2.127921798012473, 2.274313287301497, 2.3083522644909946, 2.310721765864979, 2.3082717548717153, 2.2846554951234297, 2.243957595391707, 2.201928886500272, 2.218672687357122, 2.179870616305958, 2.1561894200064917, 2.1327416571703823, 2.10019757530906, 2.0755408352071587, 2.046866525303234, 2.0288956707174126, 2.036010070280595, 2.032508373260498, 2.052190162918784, 2.082088817249645, 2.013399936936118, 2.0463579351251777, 2.0401867736469614, 2.0310892408544365, 2.0559550523757935, 2.021380890499462, 2.0102521722966973, 1.961924520405856, 1.982948292385448, 1.9411420280283147, 1.9774761199951172, 1.936725995757363, 1.9583024761893533, 1.9300187175924128, 1.9072490822185169, 1.9350731697949497, 1.9065201824361628, 1.9029491923072122, 1.8852146863937378, 1.9323301206935535, 1.8931218277324329, 1.8726847496899692, 1.868870269168507, 1.8942794691432605, 1.84160007130016, 1.83306453444741, 1.851345419883728, 1.8232920169830322, 1.8670141371813687],