{"train_loss": [0.9661038017425781, 0.6283512000854199, 0.5509352000095905, 0.493607976879829, 0.4582954031916765, 0.4318679970426437, 0.4351072888343762, 0.38766642526174205, 0.3648096917149348, 0.3580394859115283, 0.3382312952516935, 0.3283047358959149, 0.32281801391106385, 0.3099400036228009, 0.30318196270710385, 0.29175050136370534, 0.28355366182632935, 0.2840407634965884, 0.28190802085476047, 0.27451561744778585], "validation_loss": [1.160308947165807, 1.169508308172226, 1.146333118279775, 1.148158311843872, 1.1017064054807026, 1.2011645833651226, 1.3152292172114055, 1.1746658782164257, 1.3310378392537434, 1.1853265861670177, 1.2527762651443481, 1.2966995040575664, 1.205144464969635, 1.271559715270996, 1.3502970536549885, 1.3198062876860301, 1.3730753461519878, 1.2518675824006398, 1.3046387831370037, 1.29514875014623], "epoch": [0, 1, 2, 3, 4, 5, 6, 7, 8, 9, 10, 11, 12, 13, 14, 15, 16, 17, 18, 19], "best_val": [[0, 1.160308947165807], [2, 1.146333118279775], [4, 1.1017064054807026]]}