{"train_loss": {"total": [1.6721525496052156, 1.5107538469376103, 1.302860612446262, 1.1719316519075824, 1.0412536892198747, 0.9802762013289237, 0.9245652894819937, 0.8674938908507747, 0.8155430178488454, 0.7804490792174493, 0.7550231700943363, 0.7213123674354246, 0.6915055955609968, 0.6667857841137916, 0.6545269253753847, 0.6411978114997187, 0.6203165460017419, 0.6042167930833755, 0.6038564447433717, 0.5916638823766862, 0.5695147122586927, 0.5540892515451677, 0.5355641031457532, 0.5233128745709696, 0.5236978321786849, 0.49341770828731596, 0.5103510510536933, 0.49510274245854347, 0.49439213819080785, 0.4914351748362664, 0.47976897094518905, 0.4617938237324838, 0.473046985845412, 0.4380602881793053, 0.4342766042678587, 0.4318791505309843, 0.4293406413928155, 0.4188104043083806, 0.4133741587881119, 0.4061046849816076, 0.39464348251781156, 0.4018413369694064, 0.3963296887855376, 0.3903444354572604, 0.3890147459122442, 0.3808786725805652, 0.38071085055989606, 0.36617864807767253, 0.35504506590866275, 0.3475456844895117], "classifier": [0.3273239642982521, 0.32478094773306965, 0.2703378542897201, 0.25460978289765696, 0.22783168468984866, 0.2196192875744835, 0.21146359157658393, 0.2028796006234423, 0.1901698194504265, 0.18078260223471349, 0.17552221772531348, 0.1680467561307934, 0.1584358212147509, 0.15467626566908532, 0.15325329729145573, 0.14797900171589948, 0.14390983032363078, 0.1416713839832453, 0.14055561769994035, 0.13777148731112962, 0.13504696451728382, 0.13027504141622734, 0.12503166711708952, 0.12139270647218631, 0.12302262520778083, 0.1154544479348847, 0.11708455637638127, 0.11495856441737663, 0.11335352478969482, 0.11515513244535654, 0.11098021558005243, 0.10543732913811842, 0.11087128286430191, 0.10271980173645481, 0.09883165618765258, 0.0993241305643272, 0.09796892777986584, 0.09465374374506814, 0.09466154116296, 0.09273272464051843, 0.08932283597682873, 0.08950592475312372, 0.08897598938896291, 0.0875301544659681, 0.0894043693949859, 0.08617701806173089, 0.0832109315869128, 0.08040751606796778, 0.07801868837221616, 0.07825070741406132], "box_reg": [0.31703054428822547, 0.49658518799321516, 0.4822446968286268, 0.4620651703988833, 0.42872662677639917, 0.4047314783978847, 0.3801363598314985, 0.3509442962105236, 0.3316639677771637, 0.31678261190893187, 0.3009804383100521, 0.2893451717592055, 0.281615951609227, 0.26882469855969954, 0.2626108161924827, 0.26234608531118403, 0.2515795254298756, 0.2426551427782303, 0.24106663131425457, 0.2343417526793576, 0.2254472022034949, 0.21515177684205194, 0.21006983769757132, 0.20308165534008896, 0.20610705176067928, 0.19011135383418973, 0.1993952468067648, 0.19225089843234708, 0.19237173569779242, 0.18873945976337117, 0.18537378022146803, 0.17789068718350703, 0.18115380394362635, 0.1626877497791523, 0.16436391945687995, 0.1610292086738252, 0.16112685382606523, 0.15591127872467042, 0.152503896216231, 0.1491588706150651, 0.14325340197932335, 0.14933340911182666, 0.14480583376341288, 0.14721241691900838, 0.14172852686456133, 0.13769677901760705, 0.1408287436190632, 0.1335057325360756, 0.1259965996768686, 0.12059238394421916], "mask": [0.5937672861160771, 0.4741675434574004, 0.3866496451439396, 0.32880541682243347, 0.2811501823125347, 0.26230252048661634, 0.24864060253866258, 0.2356405046197676, 0.22336917202318868, 0.21597857999224818, 0.21503350037720895, 0.2050502521376456, 0.19743859541992986, 0.19251785883980413, 0.18993933450791142, 0.18639369765597005, 0.18198430307449834, 0.1791564872187953, 0.18013839510179336, 0.1804524052527643, 0.17126043150501866, 0.170486156642437, 0.16637450427778305, 0.16637731713633383, 0.16335062543230672, 0.15808813418111495, 0.16137696567081636, 0.15999709531184167, 0.1611786467894431, 0.15817412859009158, 0.15614199051933905, 0.15276332579312785, 0.15429582283381493, 0.14830706862192, 0.14638822684364936, 0.1464431518508542, 0.14823293296560164, 0.1461544159919985, 0.14573336676243812, 0.1432497853713651, 0.14210395490930927, 0.14206220598951463, 0.14103022539807905, 0.13741542836350779, 0.1391372268959399, 0.13859670782281505, 0.13900238825909553, 0.13600040695840312, 0.13454557157331898, 0.13252115504395579], "objectness": [0.37028809677689306, 0.15424210102928262, 0.1079976126551628, 0.07441132550668572, 0.056248622837160984, 0.04764826966059064, 0.041112646363082254, 0.037204852158338915, 0.03158565666986584, 0.02785018871758028, 0.027618938522139234, 0.023254589413737713, 0.020734444660164657, 0.018597762552212037, 0.01769660796271637, 0.016360839864336736, 0.015132301348597638, 0.013484103877647525, 0.014106202501082613, 0.013992533585100787, 0.013487498826021516, 0.01298263980399145, 0.011888926131359768, 0.011410209773678235, 0.009736172769689508, 0.010055089398109328, 0.009891098359014817, 0.008667302273088059, 0.00974779190589963, 0.009325129153641623, 0.008036861058163565, 0.008492618302015247, 0.009089592497689262, 0.007707448485897687, 0.007791722553379406, 0.007143619052799148, 0.0067751923572887465, 0.0076603207313969655, 0.006153433598287407, 0.0063447175158803625, 0.006309578184664133, 0.007104587201284894, 0.0064308381778603015, 0.005530153302712396, 0.005533984199046832, 0.006188933669663158, 0.005563981489270983, 0.0050646827971333195, 0.00534518716062115, 0.005664966824107039], "rpn_box_reg": [0.06374266636895858, 0.06097806857414394, 0.055630804041791104, 0.0520399640150924, 0.047296570648153825, 0.04597464445114677, 0.043212091900040245, 0.040824636983574414, 0.0387544040164944, 0.0390550891552266, 0.03586807508564239, 0.03561560186602536, 0.033280780130664954, 0.03216919199104532, 0.0310268682384518, 0.028118190792578858, 0.02771058130243663, 0.027249676166637427, 0.027989597886957082, 0.025105702740256676, 0.024272614802647433, 0.025193638175856434, 0.022199168805743665, 0.021050982367300856, 0.021481357145474306, 0.019708678789116207, 0.022603184017122746, 0.019228882802992536, 0.017740442049821028, 0.020041325386808886, 0.019236116700443333, 0.017209862564777724, 0.01763647932920937, 0.016638220667966615, 0.01690107721391424, 0.01793903927310537, 0.015236734739594414, 0.01443064513087818, 0.014321918832642803, 0.014618585483842782, 0.013653708840537283, 0.013835209591161402, 0.015086801434787753, 0.012656281874672371, 0.013210640345242873, 0.012219233857573389, 0.01210480601404279, 0.011200307550429457, 0.011139020359100428, 0.010516469949699615]}, "val_loss": {"total": [2.283371470191262, 2.1449889919974585, 1.9485875368118286, 1.7857309904965488, 1.7119731469587847, 1.690141266042536, 1.6469153057445178, 1.5988802909851074, 1.5174743804064663, 1.518048113042658, 1.508256196975708, 1.5367733565243809, 1.5003605647520586, 1.510078863664107, 1.4652872735803777, 1.4686815955422141, 1.4484091021797874, 1.436228941787373, 1.3783767060800032, 1.416975351897153, 1.4204881624741987, 1.4038500569083474, 1.399831305850636, 1.4015889709646052, 1.407723145051436, 1.4410363219001077, 1.3550601926716892, 1.4220182407986035, 1.4037822430784053, 1.3630001490766352, 1.335172100500627, 1.4442407543008977, 1.4207554676316, 1.3489647995341907, 1.4439020590348677, 1.409329360181635, 1.4252447485923767, 1.4194808927449314, 1.4449134414846247, 1.3754495490681042, 1.4416445710442283, 1.4180878834290938, 1.413519805127924, 1.370725322853435, 1.4167291684584185, 1.4494199536063455, 1.4183194528926502, 1.41374994949861, 1.411993059245023, 1.398273397575725],