{"train_loss": {"total": [2.6341415228382234, 2.018118283056444, 1.8501014986345845, 1.745554970925854, 1.6798432727013866, 1.6327179278096846, 1.6041308041541806, 1.5821216990870814, 1.566065542159542, 1.5524524865611906, 1.5420234457139046, 1.53692264633794, 1.5295145469327127, 1.5289088595298028, 1.527616270126835, 1.5293768402068846, 1.5301547808031881, 1.529747199627661, 1.5361332231952298, 1.539518642040991, 1.5446664860171657, 1.547509818307815, 1.5537196663118178, 1.5605206639535965, 1.5636015672837533, 1.563253253890622, 1.567408332132524, 1.562385214913276, 1.5548095926161736, 1.5422598392732683, 1.5316960304014144, 1.5161388747153743, 1.5007011090555498, 1.4844382905190991, 1.4698583449086835, 1.4538679096006577, 1.4378945612138319, 1.430698832004301, 1.4302989175242762, 1.4359704682903904, 1.4441791203714187, 1.4594716725810881, 1.459746523441807, 1.4628848525785632, 1.4580626416590905, 1.4579970540538911, 1.451449231755349, 1.4485073802932615, 1.4441026097343814, 1.4461598184800917], "classifier": [0.6148767054080964, 0.45667421548597276, 0.35022711196253375, 0.27761423823333553, 0.23365135990804242, 0.20805210403857693, 0.19407570962944337, 0.1861691640509713, 0.18246319986158802, 0.18041200159538176, 0.17940672080843678, 0.18014347125445643, 0.18054483749212757, 0.18222390595943697, 0.1841287189673993, 0.18686059766238736, 0.18922368021261307, 0.19162988076286933, 0.19599390410848203, 0.19971448209497236, 0.20453364236220237, 0.20933054421217212, 0.21396077135878225, 0.2187871262671486, 0.22293786005147043, 0.22530687571533264, 0.22806296105827054, 0.22951174135650357, 0.2296483737086096, 0.22841583048143693, 0.22883455931178986, 0.22678955478533622, 0.22562381843886067, 0.22369099232938983, 0.22390088376498993, 0.22365968620344515, 0.22363409243764415, 0.22766731964243997, 0.23542318690207698, 0.24311239426174472, 0.2505832656737297, 0.26044955090168986, 0.26562169153363474, 0.2696095259679902, 0.27112132642538317, 0.27295273166270023, 0.2743544737658193, 0.276056754625132, 0.27682968746990927, 0.27901819827816177], "box_reg": [0.037624431497815455, 0.03279651477280441, 0.03258573151082777, 0.0342617986103916, 0.03700874711669918, 0.0385541743484106, 0.042774019440431375, 0.04632314246261939, 0.04970616194592777, 0.05241994173173284, 0.055654180057172195, 0.06126069416023975, 0.06509286448590208, 0.07084119435384045, 0.07737528137167242, 0.08347604619041028, 0.09027893723109774, 0.09361836469852865, 0.0999598061209385, 0.10590104027206478, 0.11305619948821738, 0.11880499597186094, 0.12533636669226503, 0.13294059766099495, 0.14045736246264443, 0.14533775949481248, 0.1522113214850129, 0.1570469599692226, 0.16094922950881393, 0.16296074502306215, 0.1659846389887999, 0.16883108367352004, 0.1716268512992575, 0.174222710522102, 0.18001300056127928, 0.18719494343026927, 0.19404177261681216, 0.2041492518009862, 0.22245330198852425, 0.24319839199320525, 0.26487620705285675, 0.28909840821239235, 0.30496624069447503, 0.3186547223648719, 0.32750586986367125, 0.33734422413535575, 0.34278383061267254, 0.3479440409904196, 0.35365764850533693, 0.36062418455581907], "mask": [1.219492628112916, 0.7689530580274521, 0.7089843067430681, 0.6769864509182592, 0.6544460094744159, 0.633244296427696, 0.6165008075775639, 0.6010525738039324, 0.5878509638770935, 0.5758289483285719, 0.5659531660618321, 0.5572237868462839, 0.5483834737731564, 0.5433108383609403, 0.5369692050641582, 0.533115892641006, 0.5285269231565537, 0.5259024298960163, 0.5257610436408751, 0.5232257639208148, 0.5208860681902978, 0.518130184565821, 0.5185170865827992, 0.5184129259278697, 0.5164836908540418, 0.515587334286782, 0.5177335250762201, 0.514825604807946, 0.5126987005433729, 0.5098122798627422, 0.5071043897059656, 0.504051721865131, 0.5016860571599776, 0.501741704440886, 0.5004761774693766, 0.4994433431856094, 0.49968835096205433, 0.5005519726584035, 0.5012113223152775, 0.5043239057064056, 0.5052365799104014, 0.5068125688260602, 0.5065331972414447, 0.5058881753875363, 0.5028675869587929, 0.5019398848856649, 0.4987215603551557, 0.49738437475696684, 0.4934847287593349, 0.4932508485932504], "objectness": [0.6970086555327139, 0.6949292482868318, 0.6934938150067483, 0.6919352950588349, 0.6900657530753843, 0.6882067557304136, 0.686210576949581, 0.6840135912741384, 0.6816504497681894, 0.6793187699010296, 0.676658594992853, 0.6738139637054935, 0.6710188192705955, 0.6680989788424584, 0.6648321759316229, 0.6614940666383312, 0.6578355485393155, 0.654302918141888, 0.65018012831288, 0.6464222196609744, 0.6419533225797838, 0.6370457391585073, 0.6316995120817616, 0.6262127434053729, 0.6196142042836835, 0.6129154497577298, 0.6053850143186508, 0.5968349737505759, 0.5874977623262713, 0.5769447888097455, 0.5657234703340838, 0.5525448476114581, 0.5378701111962718, 0.5208620113711203, 0.501632531035331, 0.4796584394670302, 0.45666490101045176, 0.4344107500968441, 0.407248209176525, 0.38153251351848727, 0.35983807425345143, 0.3393579562825541, 0.31882320286766175, 0.3049334462611906, 0.29283176151014145, 0.2820387863343762, 0.27189208970915885, 0.26337153762578963, 0.2564338822999308, 0.24967008930060172], "rpn_box_reg": [0.06513909712920131, 0.0647652274664236, 0.06481052974235237, 0.06475719715836609, 0.06467141112680697, 0.06466058674268424, 0.0645696880631975, 0.06456322687426432, 0.06439477013792061, 0.06447281637642112, 0.06435078024571281, 0.06448072961272462, 0.06447455348285486, 0.06443393676496682, 0.06431089273575062, 0.06443023668121427, 0.064289679306732, 0.06429361098224387, 0.06423834354237414, 0.06425513649216642, 0.06423725742065618, 0.0641983529937739, 0.06420593493347687, 0.06416727012237383, 0.06410844352381724, 0.06410584473445441, 0.0640155129247315, 0.06416593108179738, 0.06401552303239794, 0.06412619009891886, 0.06404897296151536, 0.06392165068105134, 0.06389426962761659, 0.06392087600411728, 0.06383575273418589, 0.063911495401877, 0.06386543766392636, 0.06391953151154843, 0.06396289598609832, 0.06380326387645197, 0.06364498112365724, 0.06375318621660793, 0.06380218910616672, 0.0637989851450848, 0.06373610558634203, 0.0637214176561458, 0.06369728395854303, 0.06375066554493031, 0.06369666555058962, 0.06359649836555153]}, "val_loss": {"total": [2.6843942512165415, 2.421526215293191, 2.323848594318737, 2.2548964240334253, 2.2117834958163174, 2.18677294254303, 2.166910561648282, 2.153949434107, 2.144305716861378, 2.138006730513139, 2.1376862851056186, 2.132226987318559, 2.131358872760426, 2.124599586833607, 2.1221079392866655, 2.1137477701360528, 2.1132757555354726, 2.115348393266851, 2.1309220899235117, 2.130495006387884, 2.1491928425702183, 2.1557078686627476, 2.1586462150920522, 2.1531683206558228, 2.1489896449175747, 2.1472058946436103, 2.1407714865424414, 2.136562607505105, 2.134343212301081, 2.1299956278367476, 2.1150387200442227, 2.119595766067505, 2.122772281820124, 2.10974843935533, 2.115421706979925, 2.106709371913563, 2.09895827553489, 2.0939995267174463, 2.0946838422255083, 2.103729248046875, 2.1074108318849043, 2.115615389563821, 2.1425688700242476, 2.1717123009941797, 2.1979125521399756, 2.22649347782135, 2.2280689152804287, 2.2373826937241987, 2.243089058182456, 2.248838012868708],