{"train_loss": {"total": [1.6520032194352918, 1.1378752762271511], "classifier": [0.3996497613768424, 0.24622233034141602], "box_reg": [0.635109552168738, 0.5132657226775923], "mask": [0.3606475514750327, 0.23875709113574797], "objectness": [0.1909053337910483, 0.07754501505123992], "rpn_box_reg": [0.06569101529842761, 0.062085117155079535]}, "val_loss": {"total": [1.8598245707425205, 1.6516079035672275], "classifier": [0.3780516142194921, 0.31482783501798456], "box_reg": [0.6861857013268904, 0.5753412246704102], "mask": [0.33528282967480744, 0.3195610696619207], "objectness": [0.2707331893457608, 0.24961389093236488], "rpn_box_reg": [0.18957124176350507, 0.19226390462030063]}, "best_val": {"model_val": [1.8598245707425205, 1.6516079035672275], "epoch": [1, 2]}}