{"train_loss": {"total": [1.4427058690978636, 0.8786164525055116, 0.7676132891447314, 0.7043700579674014, 0.682208564685237, 0.6517229900244743, 0.6326780792205564, 0.6072960486335139, 0.5937196887308551, 0.5804049364020748, 0.5620895752022343, 0.553863787458789, 0.539763520994494, 0.5307244665199711, 0.522305209309824, 0.5150819143941325, 0.5069200028334895, 0.49740574758860373, 0.4880752217865759, 0.48093910938309087, 0.4731917725455376, 0.4671866806284074, 0.4612080005388106, 0.45786884960628327, 0.44810037920551915, 0.44584386488122324, 0.4411865466064022, 0.4376661630888139, 0.4295764015566918, 0.4272249916388142, 0.41773106600007703, 0.4140287866034815, 0.409849840739081, 0.4050697516529791, 0.4018312697449038, 0.3976497816462671, 0.39269361616142334, 0.3886678199614248, 0.387049132681662, 0.38487837578981154, 0.3797836644514914, 0.37698600854604475, 0.3712912826288131, 0.36994341174441, 0.3656594341801059, 0.36292086291697717, 0.36423748952727164, 0.35796192701785795, 0.35592347811306674, 0.3517489029515174], "classifier": [0.3319526276280803, 0.19307860845038968, 0.17392291638158983, 0.16052515332496936, 0.15840861331070624, 0.15172595250750742, 0.1476212145340058, 0.1409277041292479, 0.1387516399304713, 0.1347785343986846, 0.13020158832472178, 0.1266452596943465, 0.1214986893678865, 0.1216421831339117, 0.11913916916856843, 0.11613606824689815, 0.11442782207422199, 0.1119550803556077, 0.10883595432124792, 0.10824285800598803, 0.10567545946086607, 0.1039683425423479, 0.101135002428125, 0.10149034452173979, 0.09835758938063537, 0.09764357835595165, 0.09511763888801779, 0.09511985279199096, 0.09226083300947663, 0.09239531484462561, 0.08948757086219566, 0.08713167761001855, 0.0871389024199978, 0.08630618550364048, 0.08587649073902398, 0.08350403694916636, 0.08227972339297976, 0.08128411648795009, 0.07987495343531331, 0.0805693376058292, 0.07993598056716784, 0.07697405189335826, 0.07606695584892746, 0.07599620341413445, 0.07452663731791319, 0.07432463744715337, 0.07357360528511626, 0.07138825565606596, 0.07057808832595906, 0.0702420069926208], "box_reg": [0.5827609444818189, 0.3618718742122573, 0.2988762412100069, 0.27207988921192383, 0.26392589480646195, 0.2514981629266854, 0.2421405493251739, 0.2327941766429332, 0.2260649946187773, 0.22121915051773672, 0.21359525864883777, 0.21074833403671941, 0.20620727124473742, 0.19918977741993243, 0.19682192629383458, 0.19371515907827885, 0.1893459548152262, 0.18540545138981074, 0.1800347265937636, 0.17777765521839742, 0.17391830369109107, 0.17105208109583586, 0.16964299199321578, 0.16663323991120824, 0.16316774682171883, 0.1617439669526873, 0.15995916692960646, 0.15810122172378244, 0.15561634869344773, 0.15343870760332193, 0.14944187550835553, 0.14928448000742542, 0.1454960968044977, 0.14197268114695627, 0.1414991250021323, 0.1396873742822678, 0.13757102258743778, 0.13486967938501507, 0.13496842430003228, 0.13342112677712595, 0.13067587723414745, 0.13045986636631912, 0.1277214673257643, 0.12634597659231195, 0.12488369342360285, 0.12378448299582928, 0.12373255923871071, 0.12101096688739715, 0.12050512674895505, 0.11770600736621888], "mask": [0.30965186261361644, 0.21715555465029132, 0.20189099701181534, 0.19134426491875803, 0.1865541785955429, 0.1828136291234724, 0.18186924265277002, 0.17659769159170888, 0.17385296177479528, 0.1717936481198957, 0.16820399756393126, 0.1681410085289709, 0.16546141760003183, 0.16400929530782085, 0.16283883702370427, 0.16242569286015726, 0.16016315683241814, 0.15834289087403206, 0.15745364110315999, 0.15604221195943893, 0.155337444668816, 0.15420093204705945, 0.15360250996966515, 0.1524578627078764, 0.15173587193412166, 0.15149611335608268, 0.15171543643359214, 0.150441927967533, 0.1488289679731092, 0.148405904394965, 0.14770132437829048, 0.14679908084292564, 0.1470601620212678, 0.14537903315597964, 0.14531732970668423, 0.1448838133965769, 0.1438483457411489, 0.1442320199743394, 0.14320062711354226, 0.14344122400206905, 0.14187955245856315, 0.14258805705655006, 0.14035708245731168, 0.14128473473172035, 0.14008385510213914, 0.13906462240603662, 0.14016021350699087, 0.1397728507557223, 0.1391321047659843, 0.13786796341019292], "objectness": [0.15271419248573723, 0.050594813994792924, 0.038641095867440585, 0.028775606429084173, 0.02536302153133757, 0.0199400860857549, 0.018547692711581475, 0.016074874107406715, 0.01545504734477295, 0.01490708107322139, 0.013979175537256637, 0.013024840498767462, 0.011380693136180203, 0.011564549751816347, 0.010432248738769915, 0.010227742798944688, 0.011209059994284724, 0.009858040966989187, 0.011003806324609492, 0.008854514944828078, 0.008773121584624366, 0.008342459912819322, 0.008091947238717107, 0.00827802557100034, 0.0070909193366113015, 0.0071156689424770455, 0.006743058487682579, 0.006982905666453946, 0.006540595800898671, 0.007170470535205705, 0.006114762159637805, 0.005531446400040764, 0.006095604198931288, 0.006623043188984969, 0.005262568342958173, 0.004884340408845615, 0.005298142950264704, 0.005088686828407991, 0.0058487650150768344, 0.0049812351831200604, 0.005161179030000635, 0.00456191411217186, 0.005387618473620141, 0.0045327119726343585, 0.004663920450829826, 0.004620486097274484, 0.004957927747535641, 0.004939773894212492, 0.004736547787935354, 0.004384420147647277], "rpn_box_reg": [0.06562624524484553, 0.05591559720379014, 0.054282036501406825, 0.05164514695805396, 0.047956853492829514, 0.045745159434802424, 0.042499383855442094, 0.040901597347880354, 0.03959504421605567, 0.03770652329834364, 0.0361095573885494, 0.0353043460797879, 0.03521544949322678, 0.034318657936678536, 0.033073030002959705, 0.032577248916735, 0.03177400670134493, 0.03184428312186707, 0.03074709332042051, 0.030021866769065157, 0.029487445000080287, 0.029622865141221068, 0.028735545826413963, 0.029009377433765388, 0.027748251519181893, 0.027844537017658547, 0.02765124732142149, 0.027020250481150615, 0.026329656758518408, 0.02581459724953616, 0.0249855355978305, 0.025282104165601213, 0.024059074336659134, 0.0247888103445744, 0.02387575257791116, 0.024690217599990936, 0.023696383826632705, 0.023193314891649344, 0.0231563641955877, 0.022465452630633317, 0.022131078383362392, 0.022402119067813937, 0.021758158562161338, 0.02178378320415739, 0.021501327821686338, 0.021126636483841724, 0.021813187089109336, 0.02085007854198451, 0.020971611015861966, 0.021548508353190565]}, "val_loss": {"total": [1.6145195094021885, 1.4530003721063787, 1.3592163161797957, 1.3415436582131819, 1.2913097576661543, 1.2895468798550693, 1.2877331647005947, 1.2996384609829297, 1.268880464813926, 1.2513919851996682, 1.2900753888216885, 1.2730106061155146, 1.3081327460028909, 1.2938481298359958, 1.3233387686989524, 1.2908980358730664, 1.2992057095874439, 1.3008200309493325, 1.2999983646652915, 1.2710557309064, 1.3028728799386458, 1.2724014087156816, 1.3037182688713074, 1.293063927780498, 1.3034703081304377, 1.275903951038014, 1.276289463043213, 1.3052391084757717, 1.3059617335146123, 1.3582719022577459, 1.3619630120017312, 1.3113506165417759, 1.3198839751156894, 1.3357851342721418, 1.2969130277633667, 1.39152070609006, 1.3498120524666526, 1.3598126714879817, 1.3136422417380593, 1.3456259965896606, 1.3659463904120706, 1.3724613027139143, 1.3979217681017788, 1.4182231697169216, 1.370539291338487, 1.3231269121170044, 1.4077015248211948, 1.3428542451425032, 1.3998141938989812, 1.3882893919944763],