{"train_loss": {"total": [2.3556067082189744, 1.8066783443573982, 1.6630244662684779, 1.597557903874305, 1.5638241052627564, 1.5450316732929599, 1.535546390856466, 1.5367672035771032, 1.5402975051633774, 1.5475183686902445, 1.5635539804735492, 1.581873450740691, 1.5939774082553002, 1.5968850543422084, 1.5906891226768494, 1.5705035013537254, 1.5409220364785963, 1.512293472597676, 1.48358206787417, 1.4885689777712667, 1.4923911210029357, 1.4858231740613137, 1.4672691097182613, 1.4598612354647729, 1.4583255452494468, 1.4639204898188192, 1.4633059620857238, 1.4699736950858946, 1.4658645181886611, 1.4691208650988916, 1.4642276569720238, 1.4620931923389435, 1.45656057365479, 1.4510795866289445, 1.4468117106345393, 1.4398952268785046, 1.4313462059344015, 1.4268951852475442, 1.4192573720409025, 1.4146802919526253, 1.4109184845801324, 1.4045484225596152, 1.3969979630362603, 1.3955201595060287, 1.387366001836715, 1.3835655927658081, 1.3773065743907806, 1.3731923728219924, 1.3665482121129189, 1.360701080676048], "classifier": [0.547121335037293, 0.3231678829558434, 0.22601219800210767, 0.19384378098672436, 0.18337586832142647, 0.18199193436772593, 0.18450373127575845, 0.1894767044773025, 0.19525882399851277, 0.20309488357555483, 0.21280567223025906, 0.22401371112754268, 0.2344977931630227, 0.2401751882606937, 0.24380171969532966, 0.24290066957473755, 0.23990722505315656, 0.2409390789606879, 0.24460118235118927, 0.25825051658095854, 0.2689416883453246, 0.2741318350357394, 0.27562398297652124, 0.27739096980902456, 0.2822924538004783, 0.28639894920972087, 0.28977842415052074, 0.295367016318825, 0.29833738247473396, 0.3018424736756471, 0.3021047914941465, 0.30409455026590054, 0.30308896267125685, 0.3040789941866552, 0.3035723217552708, 0.3024039003637529, 0.30165049990098325, 0.3015476687721187, 0.30034969689384583, 0.29954735283409395, 0.2991361165238965, 0.29687220860392816, 0.2962813008095949, 0.29567328681868893, 0.2947719703278234, 0.2927256864525618, 0.29272845120679947, 0.2905937028207606, 0.28889057975142235, 0.2888929155384821], "box_reg": [0.0362998690529381, 0.03406944733332268, 0.03898848433478457, 0.04499648525377251, 0.05202142870032056, 0.06152599441241276, 0.07152030471501818, 0.08458133085311396, 0.09677040193254793, 0.1097779648314416, 0.12492179567643982, 0.1417372696876555, 0.15776326402124288, 0.17303445519918892, 0.18360801670271265, 0.19229509666179037, 0.19999579567464085, 0.21225409712933468, 0.22825544123090016, 0.269944442657429, 0.3051387527568412, 0.329500527070993, 0.3417406831648306, 0.35431974483475526, 0.3677651467416698, 0.3835628857460594, 0.3929976411566097, 0.4074232569077022, 0.4107516099279183, 0.4220294728562998, 0.42739172408511233, 0.4329906864952664, 0.436229862761496, 0.44008515102107215, 0.442776294029928, 0.4428485698844006, 0.4426703055020264, 0.44679654619324155, 0.4467242556060345, 0.4484195962217317, 0.451741674383154, 0.450279230139483, 0.4500169742766077, 0.45378301098662044, 0.45215200075040374, 0.45438009406380814, 0.45356237201006977, 0.45499821707255195, 0.4546866549430096, 0.45305705771372173], "mask": [1.0111822535914758, 0.6920474060120121, 0.6440864570679203, 0.6088334602694357, 0.5833056855586267, 0.5615189219674757, 0.5454533336624022, 0.5350907589158704, 0.5273797050599129, 0.521982112238484, 0.5220096195897749, 0.5227219266276206, 0.5216223128380314, 0.5186109052550408, 0.5169156143742223, 0.5125756275269293, 0.5094552897637891, 0.5077125974239841, 0.5090251536138596, 0.5141060748407917, 0.5142755535341078, 0.5125287032896473, 0.5066522477134582, 0.5027267400295504, 0.4969769302875765, 0.4932629704475403, 0.4866549630318919, 0.4816680460206924, 0.47627726197242737, 0.4706120627541696, 0.4657133488885818, 0.4607488149596799, 0.45545878448793964, 0.4508371662709021, 0.44660559238926056, 0.4431060606433499, 0.4382664283437114, 0.43442841095309104, 0.4299665279926792, 0.4275975896466163, 0.42168668422006794, 0.42075513091779526, 0.41694817023892555, 0.41449558138847353, 0.41062010555498063, 0.4076962523883389, 0.4043572286444326, 0.40213204487677545, 0.39901787907846514, 0.3964537799358368], "objectness": [0.6960479347936569, 0.692713931299025, 0.689287717111649, 0.6852509637032785, 0.6806237528401037, 0.675556436277205, 0.6697157332974095, 0.6632583241308889, 0.6565874818832643, 0.6484414788984483, 0.6394913988728677, 0.6292695230053317, 0.6160773607992357, 0.6010283473999269, 0.5823887909612347, 0.5587388230908301, 0.5275959382134099, 0.48751410861169137, 0.4378653249432964, 0.38243284446577874, 0.3401523443960374, 0.3058260984959141, 0.27945479202655055, 0.26169684553338635, 0.24773803699401117, 0.23704585034039713, 0.23018995831089636, 0.2221129899784442, 0.21701422874485293, 0.21129603534936905, 0.20580726787447928, 0.20112234733758433, 0.19876220434183076, 0.19309602960223152, 0.19095830820020168, 0.1887389596431486, 0.1861861232067308, 0.18149395412014377, 0.1798353860935857, 0.17675247061396798, 0.1761733890541138, 0.17458044004536444, 0.17184271627376158, 0.1696789518118866, 0.16800366447817894, 0.16706973387589377, 0.16520758358941925, 0.1640307775007621, 0.16274522047850393, 0.16112671094315667], "rpn_box_reg": [0.064955324726367, 0.06467967225790715, 0.06464960560232641, 0.06463321453249532, 0.064497364271665, 0.06443838577326988, 0.06435329852843537, 0.06436007907219803, 0.06430108969835865, 0.06422192959261368, 0.06432549259531492, 0.06413101887127624, 0.06401668514515604, 0.06403615759148623, 0.06397498101183784, 0.06399329338587009, 0.06396778974242719, 0.0638735884323626, 0.06383497842114359, 0.06383508779728155, 0.06388278300686169, 0.0638360072580737, 0.06379740479282073, 0.06372692450757078, 0.06355297265991178, 0.06364983823619813, 0.06368496512858979, 0.0634023919269713, 0.06348403046628641, 0.06334082405233095, 0.06321051791103767, 0.06313678978533004, 0.06302075334805846, 0.06298225025736516, 0.06289918868569658, 0.06279773709660906, 0.06257285228855307, 0.06262860613792474, 0.06238150293131419, 0.062363285082392396, 0.062180620972104673, 0.06206140468655635, 0.06190880115215306, 0.061889332502840025, 0.06181825760718165, 0.0616938314312363, 0.0614509332436888, 0.061437631481056736, 0.06120788370552022, 0.061170616989857665]}, "val_loss": {"total": [2.4157426140525122, 2.2613161260431465, 2.182068282907659, 2.162178234620528, 2.147443641315807, 2.137394655834545, 2.130716182968833, 2.1292291662909766, 2.13090840252963, 2.157794573090293, 2.156653740189292, 2.1656718145717275, 2.1747077811848032, 2.18327703259208, 2.1774651137265293, 2.1610310836271807, 2.1571464105085894, 2.1261564818295566, 2.136116287925027, 2.138169115239924, 2.19627985087308, 2.2411836168982764, 2.2565853270617398, 2.268371278589422, 2.2706038626757534, 2.2561599124561655, 2.2796719507737593, 2.2775838049975308, 2.281955588947643, 2.2821088270707564, 2.276606700637124, 2.265796802260659, 2.2630374756726352, 2.2662389170039785, 2.2440020496195014, 2.2511088197881524, 2.233134052970193, 2.208886970173229, 2.230570663105358, 2.205905545841564, 2.2244144027883355, 2.2025023807178843, 2.185570727695118, 2.1861917322332207, 2.1854819384488193, 2.193730213425376, 2.1810536818070845, 2.181930357759649, 2.1862051595341074, 2.1758393807844683],