{"train_loss": {"total": [0.9338899634538158, 0.6184633330952737, 0.5514310834869262, 0.5091586744593036, 0.47254325641739753, 0.44730510154078085, 0.4150142677849339, 0.39573521229528613, 0.3789989318578474, 0.3695931364451685, 0.35693970731189173, 0.33741346035272846, 0.3350437576732328, 0.31571752414588006, 0.31295718392056804, 0.3055551552964795, 0.3010674267526596, 0.29021515706854484, 0.2866670948843802, 0.288320949913994], "classifier": [0.2005271032933266, 0.13582480584661807, 0.12242262887978746, 0.10690430632281687, 0.09791859744056579, 0.09039006592826017, 0.08184817913739431, 0.07698480668027075, 0.07241708380019952, 0.07091242103506962, 0.06547118370240974, 0.061644580405986596, 0.059371161427829534, 0.0565234269015491, 0.05546069769489188, 0.05248202557465242, 0.052718511031519984, 0.04895693393904836, 0.047625474498096496, 0.04829886190090028], "box_reg": [0.3564904164522886, 0.24031435211579646, 0.21464780670019887, 0.19590633717035094, 0.18004131595934592, 0.16966033425302274, 0.15478362296858142, 0.14809598954574715, 0.1389732261038115, 0.13231643992926806, 0.12692443463771094, 0.11600893561037318, 0.11914864600065254, 0.1080838811583817, 0.10631825123583116, 0.10426003292743717, 0.10042541301659037, 0.09575240151175568, 0.09576333985333481, 0.09730743619823648], "mask": [0.22479809580310697, 0.17317928907371336, 0.16319040127338902, 0.15904253086736125, 0.15137493490211426, 0.14767989227848669, 0.14399761134578334, 0.14009746716868493, 0.13959873251376614, 0.1368956624500213, 0.13617757126208274, 0.1332492497178816, 0.13111527456391242, 0.1292328807615465, 0.12897974339223678, 0.12628309255646122, 0.1262260619671114, 0.12506548507559684, 0.12400439566662234, 0.12337269201394051], "objectness": [0.09040757145642513, 0.022117025769811362, 0.013214504228521799, 0.010766221736506145, 0.00812769143290244, 0.008190745088447124, 0.0074966918820586394, 0.0053098291848410525, 0.004323669939426069, 0.005140366812250455, 0.0041472747700841105, 0.00402482437550662, 0.003905520882378163, 0.003169964113218274, 0.003036908074186466, 0.0032987756362467, 0.003432334546093238, 0.0026184572709971395, 0.00265919623291871, 0.0035427682580311446], "rpn_box_reg": [0.06166677852684628, 0.04702786020462818, 0.037955747374883594, 0.03653927782806052, 0.035080715184355335, 0.03138406422517766, 0.026888161187270592, 0.025247118093501476, 0.023686219675742436, 0.024328245534319826, 0.024219243262327397, 0.022485870641086817, 0.021503156096244515, 0.01870737125919409, 0.019161583385486607, 0.01923122943041944, 0.018265106017834994, 0.017821879087915153, 0.016614689321056263, 0.015799190702402426]}, "val_loss": {"total": [1.1636042378165505, 1.0825097181580283, 1.1540131297978489, 1.1550028974359685, 1.1689718040553005, 1.1806513667106628, 1.2195454944263806, 1.2357889251275496, 1.1721938469193198, 1.2171604850075461, 1.2211427146738225, 1.31146009943702, 1.3085850097916343, 1.365074948831038, 1.270386197350242, 1.2981819185343655, 1.336266284639185, 1.3479365110397339, 1.356943217190829, 1.3857028646902605], "classifier": [0.25005150925029407, 0.23530606383627112, 0.24306356365030463, 0.2428948296742006, 0.23906677690419284, 0.23981886289336465, 0.2451792901212519, 0.2430636083537882, 0.24540019712664865, 0.25031761012294074, 0.2467308288270777, 0.2949435751546513, 0.2728283459489996, 0.29773284223946656, 0.2887589619918303, 0.25536597858775745, 0.27471490475264465, 0.2769632095640356, 0.29755251651460474, 0.2956863587552851], "box_reg": [0.42229943654753943, 0.3960919109257785, 0.4051573032682592, 0.4003943448716944, 0.41425093466585333, 0.40565368804064666, 0.38812962445345794, 0.3996133560484106, 0.38017394325949927, 0.39253388209776446, 0.3972519744526256, 0.38949184255166486, 0.3971673548221588, 0.4083038460124623, 0.3883435699072751, 0.3788285661827434, 0.39405961470170453, 0.39740544286641205, 0.3981994634324854, 0.3956065801056949], "mask": [0.24263360554521735, 0.23426632989536633, 0.22317292338067835, 0.2303877608342604, 0.23343559422276236, 0.23304035853255878, 0.22487944770943036, 0.2226212051781741, 0.22252466732805426, 0.22473785281181335, 0.22888802127404648, 0.23239527236331592, 0.23587259379300204, 0.23418399691581726, 0.21832947568459946, 0.22463325478813864, 0.2431213462894613, 0.23222181607376446, 0.23090477287769318, 0.23134235631335864], "objectness": [0.09952676431699232, 0.08597526140511036, 0.14328612827441908, 0.1481933854520321, 0.1566826548766006, 0.1742598790336739, 0.22344045230949466, 0.236011646264656, 0.1990841400216926, 0.22732367942279036, 0.2269218343902718, 0.2693467226556756, 0.2759377980096774, 0.30233594605868513, 0.25683047131381254, 0.3057988477362828, 0.29265875911170786, 0.3015456235205585, 0.303561490198428, 0.32975444062189624], "rpn_box_reg": [0.14909291606057773, 0.13087013600902123, 0.13933321190151302, 0.13313258371569894, 0.1255358491431583, 0.1278785541653633, 0.1379167058251121, 0.13447910513390193, 0.12501088495958934, 0.12224747613072395, 0.12135006588968364, 0.12528267536651005, 0.12677887285297568, 0.12251830913803795, 0.11812372370199724, 0.13355523991313847, 0.13171165775169025, 0.1398003903979605, 0.12672500176863236, 0.13331313532861797]}, "best_val": {"model_val": [1.1636042378165505, 1.0825097181580283], "epoch": [1, 2]}}