{"train_loss": {"total": [2.206096093116268, 1.5862089134031727, 1.4484050721891464, 1.366187249268255, 1.286604460977739, 1.218933863985923, 1.1602837672156672, 1.0910991647551136, 1.0397818530759504, 1.0005666029068732, 0.9567860949424005, 0.9197030060714291, 0.8935558420996512, 0.8712345214620714, 0.8492538310827747, 0.8367456496723237, 0.8216595471866669, 0.8033399215629023, 0.7973514302122977, 0.784472793340683, 0.773792670042284, 0.7725511571091991, 0.7606806653161202, 0.7469884653245249, 0.7496251183171426, 0.7395723868762293, 0.7342758519995597, 0.7273380520843691, 0.7236497366620648, 0.7184134085332193, 0.7093888493314866, 0.7079251221110744, 0.708753840961764, 0.7019530864492539, 0.6981699291736849, 0.6921779565272793, 0.6822705896631364, 0.6870669301479093, 0.6755265131112068, 0.6774692478679841, 0.6752214921097601, 0.6684599811992338, 0.6650020202321391, 0.6626846007762417, 0.6593913468622392, 0.6555505629508726, 0.6551548207959821, 0.6537900459381842, 0.6479888996770305, 0.6459462661896983], "classifier": [0.5495099875234788, 0.40963112721520084, 0.36127138993432445, 0.3251247546845867, 0.2955269618861137, 0.27360012435143993, 0.2554551605255373, 0.237303951190364, 0.2259324878934891, 0.21714811923523103, 0.20945487558361023, 0.2021180567241484, 0.19613953903317452, 0.19445457605104294, 0.19163465937299112, 0.1879727147279247, 0.1859366070358984, 0.18115049689527482, 0.1805684773191329, 0.17805869773991645, 0.1769394381632728, 0.17701305403344092, 0.17439132282330144, 0.17135614416291636, 0.17205938974455479, 0.17035803171175143, 0.16853419990549165, 0.16637066220564226, 0.1667813964548611, 0.16580186351653067, 0.16304137824523834, 0.16156987862721567, 0.16344572924558193, 0.1619966986198579, 0.16156697374197745, 0.15974474432727984, 0.15842873480531477, 0.1605671552039923, 0.15626329986318466, 0.1562494471669197, 0.1575923325193505, 0.1548222476316075, 0.15552827491154594, 0.15332741010333262, 0.15241879825630494, 0.1508866587233159, 0.15123061976365504, 0.15249172125852878, 0.15023624897003174, 0.152570080733107], "box_reg": [0.6598532331506571, 0.6552910628495738, 0.6351882042543542, 0.6133016537033742, 0.5872526617540467, 0.5587836488360359, 0.5294186365460196, 0.4944373019760655, 0.46477818496284945, 0.4357304078436667, 0.40624368582521714, 0.3841000559349214, 0.3670123133207521, 0.35326521639381686, 0.33983453562663446, 0.3319351369094464, 0.3234523618653897, 0.3188026214078549, 0.31331252587899083, 0.3069237861902483, 0.3017614632364242, 0.2991515754091163, 0.29688271411484285, 0.29179591493260476, 0.291156720514259, 0.287688311549925, 0.28493175225392464, 0.28135553081670117, 0.28067509394980245, 0.27806747087067174, 0.27516501681698907, 0.2736042863779491, 0.27408636558440425, 0.2705121545181159, 0.2689155830731315, 0.26592275866818044, 0.26247057826408454, 0.26366233718731713, 0.261888512223959, 0.26099555737549257, 0.2584696770195038, 0.25886743681565405, 0.2557350331136296, 0.2554751737463859, 0.25419750605980235, 0.252717909433188, 0.25113535957230676, 0.25135664469412256, 0.24953490040234982, 0.247127185563647], "mask": [0.5626075540819476, 0.3223809197064369, 0.2856893518278676, 0.26726055443286895, 0.25427927802647315, 0.24786585689552368, 0.2429174734219428, 0.23470951948435076, 0.23226448951228973, 0.22832948637585487, 0.22439280580128393, 0.22337802143827562, 0.21936205543818013, 0.21856006234884262, 0.21549915349291218, 0.2132597892515121, 0.212372019790834, 0.2086343428300273, 0.20901654872202105, 0.2064073799117919, 0.2046129979433552, 0.20429459728540914, 0.2012333022009942, 0.20062384485237061, 0.20066074541499537, 0.1987124121477527, 0.19840134656237018, 0.19634308132433123, 0.19584435344703735, 0.19569724442497377, 0.19384196717892924, 0.1942006522128659, 0.19421974699343406, 0.19257893600771503, 0.19222861634146782, 0.19159534900419173, 0.18920767143849404, 0.19016793740372503, 0.18818509895955363, 0.18865715121069263, 0.18869535283696268, 0.18809802402411738, 0.18672463586253504, 0.1864622740976272, 0.18681128914317777, 0.18514479076670062, 0.1848104686506333, 0.18573485103345685, 0.18444226783129478, 0.18366551903947706], "objectness": [0.36503870676932554, 0.13468599748467244, 0.10300754704963296, 0.09585831214133049, 0.08624448689121393, 0.07800960573517988, 0.0719713102500405, 0.06395926691231228, 0.05936721774839586, 0.06012586522847414, 0.057730464742428836, 0.052267179033538745, 0.05311662468067821, 0.04686566192446457, 0.0456159025393126, 0.04660171831717655, 0.04348751945391057, 0.04038666133663707, 0.03980866231121904, 0.03792328316278966, 0.036095275131106795, 0.038057497149753955, 0.03461613591812972, 0.03242678190731714, 0.033910221344840175, 0.03158375195926055, 0.030795980817938766, 0.030943089289846078, 0.030091939171242917, 0.02889391477858167, 0.027834893862581662, 0.02824634398153472, 0.027878711737444505, 0.026873379882008226, 0.026439287914939585, 0.025115158180743755, 0.02531834625331084, 0.024463457617375457, 0.023998437384181025, 0.024020322009492966, 0.022228129011871774, 0.021713566324615387, 0.021966996708356272, 0.02185544086500041, 0.020909707118558038, 0.02171873673439897, 0.02259391936184388, 0.020511521165439438, 0.020293479146353238, 0.020329463847531683], "rpn_box_reg": [0.06908661776950824, 0.06421980928928185, 0.06324857822694485, 0.06464198416670702, 0.06330107191545634, 0.06067462463172213, 0.06052118561215578, 0.06068913168142429, 0.05743947499166449, 0.05923272631853545, 0.05896426343866962, 0.057839694541220406, 0.0579253091636342, 0.058089013731132, 0.05666958117997696, 0.05697629150011879, 0.05641104047094667, 0.054365796716064646, 0.05464521707995558, 0.055159646092497204, 0.054383493357536575, 0.05403443304601223, 0.05355718600924687, 0.050785778942384154, 0.051838034805851134, 0.05122988594934389, 0.05161257553865594, 0.05232568528008415, 0.050256948754888016, 0.04995291565029484, 0.04950559285756636, 0.050303961187056566, 0.04912329060473806, 0.0499919167719312, 0.04901947001250641, 0.04979994421918227, 0.04684526172131882, 0.04820604108254267, 0.045191161982356495, 0.047546774296290915, 0.048235999962790016, 0.04495870718064027, 0.04504707772956012, 0.04556429777430528, 0.04505404265275443, 0.0450824694813139, 0.045384451913301864, 0.043695307101382155, 0.04348200546688355, 0.04225401576573683]}, "val_loss": {"total": [2.4383200732144443, 2.1800070892680776, 2.031766327944669, 1.9181087667291814, 1.8657009493220935, 1.8061760555614124, 1.782663800499656, 1.6988080956719138, 1.6750454360788518, 1.6484040997245095, 1.611963618885387, 1.5515726804733276, 1.6118502400138162, 1.5615586584264582, 1.539756021716378, 1.5355281071229414, 1.5156925483183428, 1.519219160079956, 1.5073790225115689, 1.4925808906555176, 1.4651188200170344, 1.4789233966307207, 1.445870128544894, 1.4372824105349453, 1.4433891610665754, 1.4477805657820269, 1.4419421336867593, 1.4385374242609197, 1.3988806171850725, 1.42515107718381, 1.3527817184274846, 1.409415765242143, 1.368096579204906, 1.4092023101719944, 1.3709757653149692, 1.3599283261732622, 1.3636125651272861, 1.388155081055381, 1.3814176321029663, 1.3640301823616028, 1.3896809057755903, 1.3837915496392683, 1.385296718640761, 1.3755531311035156, 1.393496952273629, 1.3507458513433284, 1.3654689409516074, 1.3427310260859402, 1.329456632787531, 1.340323811227625],