{"train_loss": {"total": [2.6340205792457825, 2.0184362011571086, 1.8495742444069154, 1.744837042593187, 1.678904995610637, 1.633499765396118, 1.603475873701034, 1.5818410842649397, 1.5664106207509194, 1.552667938509295, 1.5412708051743047, 1.5367763911524126, 1.5299675949158207, 1.5280826883931313, 1.5291079948025366, 1.5298331418345053, 1.530160722424907, 1.5304435303134303, 1.5356121674660714, 1.5395199356540556, 1.5459756470495654, 1.5484929973079313, 1.5520050183419258, 1.5609954437901896, 1.564952855340896, 1.5648229660526398, 1.5660194516181947, 1.5623220970553737, 1.5566392121776458, 1.5420309720500822, 1.5319661425006006, 1.5171788984729397, 1.5007383588821657, 1.4822389583433828, 1.469150258264234, 1.4547168054888326, 1.438784009025943, 1.4335488457833567, 1.4284543668070147, 1.4365795420062157, 1.4463305531009552, 1.4568342508808259, 1.4584508945865016, 1.4636342490873029, 1.4575485419842504, 1.4589698112780047, 1.450769438474409, 1.4493541804052168, 1.4431790069226296, 1.446059275250281], "classifier": [0.6148041225248767, 0.456937881823509, 0.35005222405156783, 0.27721752889694706, 0.2334801518628674, 0.20826092242233216, 0.19378465029501146, 0.18609381928559274, 0.18207389267702256, 0.1802225100417291, 0.17901355407891734, 0.17994371525222255, 0.18051137020511013, 0.18195163941671771, 0.1843565705803133, 0.18669866718832523, 0.18935673181568421, 0.19205808507338648, 0.19554058262898075, 0.1995927387427899, 0.20490019583413677, 0.2094913387490857, 0.21305222391120848, 0.2192460348288859, 0.22331434526751118, 0.2255899990518247, 0.22796286700233337, 0.229435378024655, 0.23032046570893258, 0.22844117093951471, 0.22790339343970822, 0.22658331980628352, 0.22525681963851374, 0.2231221456441187, 0.22353298058432916, 0.22451790889665005, 0.22461793141499642, 0.22884208370120296, 0.23486096844557794, 0.24344966118374178, 0.251095771284834, 0.2608356731793573, 0.2651398500127177, 0.2695818819826649, 0.2714405471278775, 0.2739285236645129, 0.2752075743170515, 0.27594422126008616, 0.2772085444581124, 0.27966888849773713], "box_reg": [0.037623636709289594, 0.03293685837096775, 0.03249369452265279, 0.03406335944361467, 0.03696881697216022, 0.03898816818374701, 0.04237243576494474, 0.046282735173571704, 0.05010447465777566, 0.0526257338922498, 0.05565106469993254, 0.061105562080598655, 0.06537172857222745, 0.0705168804644223, 0.07850653134035736, 0.0839452602421525, 0.0900319227200652, 0.09403863832139318, 0.09975791721504544, 0.10628812939457637, 0.11367256057109766, 0.1195550859890758, 0.12623035981137476, 0.13351509186235958, 0.1401760435380575, 0.1462616733524614, 0.1521387635268301, 0.15761155718388298, 0.16216545503423643, 0.16296461871876794, 0.16771127335225408, 0.1694061686084634, 0.17162668891823776, 0.174092573583649, 0.1802185675625233, 0.18673960560810238, 0.193891686429279, 0.20599290708379422, 0.2211324806560785, 0.24293977035870945, 0.2653479764567061, 0.28723553943587654, 0.304717112326926, 0.31999788422577813, 0.3277807755708402, 0.3388553625715553, 0.3419924760208702, 0.3499642983179412, 0.35310589263146186, 0.361433447909733], "mask": [1.219445172048384, 0.7688384840565343, 0.7089608961536038, 0.6769301135693827, 0.6537174059498695, 0.6334115732100702, 0.6165188625935585, 0.6009150687725313, 0.5879961223371567, 0.5758310789062131, 0.565615084094386, 0.5573058547512177, 0.5486329376697541, 0.5432325732323431, 0.5370687207868022, 0.5331392738126939, 0.5286645275931204, 0.5256744734702572, 0.5256676664275508, 0.5230589195605247, 0.521317579092518, 0.5184217793326225, 0.5171488004346048, 0.5182700958944136, 0.5174985026159594, 0.5163935526724784, 0.5168079981880803, 0.5144772954525486, 0.5128933364345182, 0.5099681533152057, 0.5071339436115757, 0.5049549783429792, 0.5018484873156394, 0.5016158821121339, 0.5002285459349233, 0.49984349762239766, 0.4997878380360142, 0.5004529779957186, 0.5015052968455899, 0.5047597333308189, 0.5053795414586221, 0.5070609344590095, 0.5063369289521248, 0.5052641476354292, 0.5025796357662448, 0.5015985711928337, 0.4983961570647455, 0.49695778412203634, 0.4935259313352646, 0.4925029170128607], "objectness": [0.6970085893907855, 0.694955732745509, 0.6933737735594473, 0.6918305016333057, 0.6901264244510281, 0.688179305676491, 0.6862306083402326, 0.6839867534175996, 0.6816309375147666, 0.6793485487661054, 0.6765104916787916, 0.6739233128486141, 0.6710292043224457, 0.6679412391877944, 0.6648616267788795, 0.661633849528528, 0.657796117567247, 0.6542637194356611, 0.6503753958209868, 0.6463944792747498, 0.6418681548487756, 0.6368397574270925, 0.6314976030780423, 0.6258661427805501, 0.6198776956527464, 0.6124340580355736, 0.604945893056931, 0.5967743227558752, 0.5872395273177854, 0.5766404486471607, 0.5652151423115884, 0.5521513202498036, 0.5380139210531788, 0.5193911458215406, 0.5011935764743436, 0.47976223787953776, 0.456583894260468, 0.4343091574407393, 0.4070565060261757, 0.38158320871091655, 0.3607576083752417, 0.337865494816534, 0.31843187866672396, 0.30499528598400855, 0.29194428257403837, 0.2808176520370668, 0.27149298599650784, 0.2627736613635094, 0.25556708675238393, 0.24879235557971463], "rpn_box_reg": [0.06513906319967411, 0.06476725129966414, 0.06469364630268706, 0.0647955380096626, 0.06461219335155141, 0.06465980227747481, 0.06456931879398443, 0.06456270711421366, 0.06460519440550988, 0.06464007265261194, 0.06448060721196534, 0.06449794623655297, 0.06442234890005973, 0.06444035861490956, 0.06431454482709899, 0.06441609496720166, 0.06431142149752216, 0.06440861176928475, 0.06427060634201963, 0.06418567535170774, 0.06421715180434646, 0.06418504865779992, 0.06407603414826876, 0.06409808314319008, 0.06408626358287649, 0.06414367063553073, 0.0641639340385389, 0.06402353884580905, 0.0640204385347334, 0.06401658018810615, 0.06400239790861134, 0.06408310587566736, 0.06399244418059806, 0.06401721727752667, 0.06397658871024878, 0.06385355230229306, 0.06390265414694084, 0.06395170011974481, 0.06389911266685944, 0.0638471607918731, 0.06374965500698665, 0.06383660576614221, 0.06382513060290818, 0.06379506262432363, 0.06380329768778005, 0.06376969408518034, 0.06368024496177602, 0.0637142090797199, 0.06377155767460804, 0.06366167784998975]}, "val_loss": {"total": [2.684482205997814, 2.421789060939442, 2.3241941928863525, 2.253606774590232, 2.209898450157859, 2.18684703653509, 2.167519276792353, 2.1532804424112495, 2.14465792612596, 2.134503581307151, 2.138187300075184, 2.133000774817033, 2.1311837434768677, 2.115584275939248, 2.123212153261358, 2.119105263189836, 2.120615677400069, 2.125261913646351, 2.127842588858171, 2.1334085681221704, 2.1390951655127783, 2.14746356010437, 2.153669834136963, 2.150791742584922, 2.1448511427099053, 2.133404179052873, 2.143260782415217, 2.132590109651739, 2.1409461931748823, 2.1338214332407173, 2.1256754506718027, 2.123402313752608, 2.1152808991345493, 2.1091137474233452, 2.110903252254833, 2.114392107183283, 2.110251686789773, 2.102914420041171, 2.0880576372146606, 2.0975143150849775, 2.1094497550617564, 2.1169173175638374, 2.140484939921986, 2.1772870909083974, 2.2010581601749766, 2.215189901265231, 2.2300713062286377, 2.2380077080293135, 2.251206495545127, 2.253731846809387],