{"train_loss": {"total": [1.647303326668278, 1.1254888674905223, 0.9197601445259587, 0.8210922144113049, 0.7724008697655893, 0.7350584213772128, 0.7130937152331875, 0.6893909334175048, 0.6742611070794444, 0.6622548444617179, 0.6400316792149697, 0.635432273630173, 0.6239459365606308, 0.6132346653169202, 0.6028254101353306, 0.5967040050414301, 0.5830932834456044, 0.5821378312764629, 0.5725386235021775, 0.567095390635152], "classifier": [0.399026102837055, 0.24529333595306643, 0.20008946231776667, 0.18440898500623243, 0.1743215497583151, 0.16854416603042233, 0.16449520871523887, 0.15898912823007952, 0.1561619087993618, 0.15296293780688316, 0.14731219382055344, 0.14783606802023228, 0.14510175955872381, 0.14141032873622833, 0.1410731013563852, 0.13941390611111157, 0.13477712640118214, 0.1347471010841189, 0.1310006156623844, 0.13139969180788724], "box_reg": [0.6327988132564051, 0.5098987256086642, 0.3839790473782247, 0.32323374558360346, 0.30131691297696483, 0.2845477782189846, 0.27471007874175424, 0.2653029963374138, 0.26125660339190115, 0.2537621570330474, 0.24592928981348391, 0.24417787330044854, 0.239222348902014, 0.23602232044983296, 0.2313290473794745, 0.2281881649167307, 0.22196131306550196, 0.22210200693338147, 0.21782107629602956, 0.21550648930452523], "mask": [0.36153490851002357, 0.23907111902390757, 0.221790611743927, 0.2110365213886384, 0.20356805656225452, 0.1982479415112926, 0.19399335869858342, 0.189356997705275, 0.18738479989190254, 0.18628064792963767, 0.18218171461935967, 0.1817106663700073, 0.18066066460263344, 0.17814160407550872, 0.17498600357963193, 0.17517683328159395, 0.1732201678618308, 0.1730317857476973, 0.17074596122387917, 0.16962727332307445], "objectness": [0.18778786177356396, 0.07079793062932309, 0.05530898799038222, 0.04527677978208709, 0.03883351705923316, 0.03109552241343584, 0.029284221477686397, 0.026328843078320667, 0.022429191758630857, 0.02351390507612978, 0.020962362048862083, 0.018908205674210143, 0.018295960021702827, 0.017572662792747818, 0.01683067296776684, 0.0159422665998488, 0.01554317828558851, 0.014783242215860574, 0.01514064337384151, 0.01385537921394702], "rpn_box_reg": [0.06615562926116024, 0.06042775600379231, 0.05859204591054755, 0.057136182791192924, 0.054360837767906615, 0.052623011743520284, 0.050610848688149655, 0.049412971472667135, 0.04702859983362648, 0.04573519760620735, 0.04364611603359076, 0.04279945774638515, 0.04066520369369461, 0.040087748732842175, 0.03860657939836646, 0.037982830528410214, 0.03759149342898332, 0.03747369520311739, 0.037830327365842215, 0.036706553309857316]}, "val_loss": {"total": [1.8691989616914229, 1.6570225954055786, 1.50457072799856, 1.4416242458603599, 1.436701481992548, 1.3602236726067283, 1.377320945262909, 1.3726981282234192, 1.3663101250475103, 1.344571677121249, 1.3423069227825513, 1.3070634115826, 1.3361327323046597, 1.3308459628712048, 1.3033406680280513, 1.3245314142920754, 1.341825170950456, 1.3281163844195278, 1.3394387689503757, 1.3124148574742405], "classifier": [0.37623652815818787, 0.3218118277463046, 0.2928506908091632, 0.28823300383307715, 0.2830853096463464, 0.27273805845867505, 0.2891639322042465, 0.28376386111432855, 0.27037336745045404, 0.2697244083339518, 0.2758668336001309, 0.2772365009242838, 0.2595756473866376, 0.26882584393024445, 0.27508841725912964, 0.2659086734056473, 0.28302314471114765, 0.2698680108243769, 0.26524936881932343, 0.25873986970294605], "box_reg": [0.6911490613763983, 0.5774954909628088, 0.5115457420999353, 0.4784493527629159, 0.4724159376187758, 0.4590598669919101, 0.456528975204988, 0.45238459381190216, 0.4520301954312758, 0.4497006887739355, 0.44273382696238434, 0.44896493445743213, 0.44170418110760773, 0.44939908656207, 0.44277423891154205, 0.42923690243200824, 0.4460013590075753, 0.4320450045845725, 0.4263837825168263, 0.43400314721194183], "mask": [0.3326797675002705, 0.31106280196796765, 0.29782540012489667, 0.28636726330627094, 0.2822793871164322, 0.2566442083228718, 0.2726629687981172, 0.28039485758001154, 0.27707509425553406, 0.2681556614962491, 0.26918191936883057, 0.2565139057961377, 0.2682494561780583, 0.2620926865122535, 0.25743071057579736, 0.25442794507200067, 0.2575071115385402, 0.26127083193172107, 0.25838609717108985, 0.25230371952056885], "objectness": [0.2727038416672837, 0.25529002296653663, 0.22309780459512363, 0.21271588111465628, 0.21640422601591458, 0.20809559168463404, 0.2000724891708656, 0.200066986578432, 0.214449630796232, 0.20636689256538043, 0.20830604654144158, 0.19319530542601238, 0.21980116279287773, 0.2129320167005062, 0.20127012783830817, 0.2308980253609744, 0.21684357828714632, 0.229131025262177, 0.24738949791274287, 0.23345089652998882], "rpn_box_reg": [0.1964297511360862, 0.19136243042620746, 0.17925110256130045, 0.17585872655565088, 0.18251658908345483, 0.16368594630198044, 0.15889259800314903, 0.15608783946795898, 0.15238184278661554, 0.15062402019446547, 0.1462182995270599, 0.13115276430140843, 0.14680230549790643, 0.13759634271264076, 0.12677716904065825, 0.14405988664789635, 0.13844999027523128, 0.13580148734829642, 0.14203002574768933, 0.1339172124862671]}, "best_val": {"model_val": [1.8691989616914229, 1.6570225954055786, 1.50457072799856, 1.4416242458603599, 1.436701481992548, 1.3602236726067283, 1.344571677121249, 1.3423069227825513, 1.3070634115826, 1.3033406680280513], "epoch": [1, 2, 3, 4, 5, 6, 10, 11, 12, 15]}}