{"train_loss": {"total": [1.8614688827145485, 1.5456421813657206, 1.625908730106969, 1.6596586188962383, 1.554575256762966, 1.5402903852924223, 1.5251738423301329, 1.4952988788004844, 1.460737201090782, 1.432528148158904, 1.404987488254424, 1.3837860601563607, 1.363128092788881, 1.3405031748356357, 1.3174706147563073, 1.297668207076288, 1.2771211887559584, 1.26328794244797, 1.2429876489024008, 1.234030823169216, 1.238364742263671, 1.223389289071483, 1.2057152965376454, 1.1946437418460847, 1.1830929754241821, 1.1646977245807648, 1.1538950933564094, 1.1532453611973794, 1.151644237772111, 1.126508674121672, 1.1381497342740337, 1.1160982083889746, 1.1054912411397504, 1.108876423681936, 1.0870784474957373, 1.0825223761220133, 1.0714155894133353, 1.0650082185383767, 1.0556192180802746, 1.0638078502108974, 1.0445025340203316, 1.0338022504122026, 1.0274517951473112, 1.022020258057502, 1.0161895170327155, 1.00958663417447, 1.0002326606742797, 0.9970291919285251, 0.9862915734129567, 0.9788328529365601], "classifier": [0.3263018732830401, 0.19089723434900083, 0.24311622311511347, 0.2839290613368634, 0.2947129885876371, 0.31464916962769723, 0.3195047578804435, 0.31664518057819335, 0.3083354111039831, 0.30232994546212494, 0.29632441217620525, 0.29068125852293547, 0.2848714236770907, 0.27793698476687556, 0.26914776984842553, 0.26468638556618845, 0.2593016025550183, 0.25234386199604597, 0.2488834634873896, 0.24788291929590126, 0.25186263989777335, 0.252120048636871, 0.25040039036182626, 0.25241760935694457, 0.2511035315692425, 0.24871299681403944, 0.24866559212246248, 0.2520660709109037, 0.2511317916214466, 0.24821538815815603, 0.25444527614501217, 0.24873246383522787, 0.24824826630853838, 0.2488088349541349, 0.24714619131578552, 0.2450927298876547, 0.2428501350024054, 0.24393071276285955, 0.23954796949701926, 0.24120920014477545, 0.23787770195593758, 0.23533582574417514, 0.2355130744557227, 0.2329822761397208, 0.23004125604225742, 0.23072084955150082, 0.22824421689635324, 0.2274433141273837, 0.2252588411853198, 0.22413257676507195], "box_reg": [0.04111085637588047, 0.08081905786777732, 0.17168562423158296, 0.2912076955955502, 0.3719974876765909, 0.4299909655316902, 0.45702042905393153, 0.46886493653681455, 0.4660876311634521, 0.46666864347871817, 0.4736859924086715, 0.4737843281934939, 0.47793889984158955, 0.47925382026681496, 0.47811643644292356, 0.4783243960061584, 0.47922985685056063, 0.47876223540252766, 0.48130788308373024, 0.48165162050901283, 0.4891474496047463, 0.4886531332473932, 0.4862609012844792, 0.4790417375320929, 0.4794658823990293, 0.4707110849179087, 0.4695734574910133, 0.4699458765166421, 0.469033240779273, 0.46263724529454786, 0.4677565842205959, 0.45940198826213036, 0.4575426376034175, 0.4533696304045377, 0.45094541475897837, 0.45115904622981623, 0.4477662980556488, 0.44490042036819843, 0.44096252125117086, 0.4410244579877584, 0.43737020814611066, 0.43201932241359065, 0.42664548129804675, 0.4260762012293262, 0.42212076861291165, 0.4234546522459676, 0.419164950232352, 0.4146843146532774, 0.4100173205617935, 0.408628084726872], "mask": [0.7395491949973568, 0.5430662401260868, 0.5252944921293566, 0.5369027258888368, 0.5294274014811362, 0.5015387808122943, 0.4803974816876073, 0.45784491069855227, 0.44469266629988147, 0.4329981925026063, 0.41141445579067354, 0.40204371742663847, 0.3899629489068062, 0.3792916042189444, 0.3726406749217741, 0.36375996595428833, 0.3550288886793198, 0.3564796737124843, 0.343476245287926, 0.3407642793270849, 0.34059748649597166, 0.33074065514149203, 0.32361511626551226, 0.3216448095537001, 0.31555788055542977, 0.3115938776923764, 0.30642883123890047, 0.3042801608001032, 0.3080298328591931, 0.2945822535983978, 0.2961049421179679, 0.29059568268637503, 0.28527180696687393, 0.29337739165752164, 0.27881229558298665, 0.27742547969664294, 0.27455681966197104, 0.27057415150826974, 0.27201383642611965, 0.2783573965872488, 0.26939089394384813, 0.2664761537986417, 0.2654120380839994, 0.2657801865570007, 0.2663138468419352, 0.25976647273186715, 0.26041225872693524, 0.2617382843648234, 0.25747076479658004, 0.2540159324003804], "objectness": [0.6899168918209692, 0.6665741178297228, 0.621738600730896, 0.4837280505126522, 0.2944852248314888, 0.230482475339405, 0.2050280113494204, 0.1890218641128271, 0.17917704039042995, 0.1687924621085967, 0.16223412039539506, 0.15639319953418548, 0.150074407025691, 0.14428628008331984, 0.1383723818546822, 0.13246426807656403, 0.12566317356522044, 0.11858050139140218, 0.11283329533292882, 0.10817986452771772, 0.10184273079278007, 0.09782041807869268, 0.09227804489013168, 0.08924499436792346, 0.08553784989541577, 0.08290835645410323, 0.07913407977189749, 0.07766734892802854, 0.07456914513041416, 0.07286725216695378, 0.0721272306351532, 0.0700971212493436, 0.06785609493362567, 0.06734511744185921, 0.06443806404187795, 0.0635649842119986, 0.06163338101994727, 0.06119000548797269, 0.059180974585544915, 0.05945390966690836, 0.05653402279206221, 0.05663992842403991, 0.056902140112323384, 0.05456474146189829, 0.05530969051103438, 0.05362543698603047, 0.05070768141172706, 0.051528735619203576, 0.052097558699578286, 0.051012305119225096], "rpn_box_reg": [0.06459006853664534, 0.06428551976869423, 0.06407380039473215, 0.06389108546277238, 0.06395215987783646, 0.06362899166697096, 0.06322316140680002, 0.06292197997569136, 0.06244445641322302, 0.061738888373328075, 0.06132851447872517, 0.06088355394425772, 0.06028041954231148, 0.05973448758032323, 0.059193354350845176, 0.05843319069564102, 0.057897659328826255, 0.057121666461124175, 0.056486762713851224, 0.055552145072649564, 0.05491443454708544, 0.054055033244695815, 0.05316084686801919, 0.052294585066509525, 0.05142783047237073, 0.05077140557527122, 0.050093135250086386, 0.04928590402893362, 0.048880222740380334, 0.04820653286315651, 0.0477157007484141, 0.047270955063117244, 0.04657242886023596, 0.04597544276461591, 0.04573647336031671, 0.0452801325906729, 0.04460895664439792, 0.044412931297612826, 0.04391391182641288, 0.043762881978839305, 0.043329702152292274, 0.0433310232230372, 0.04297906825048549, 0.0426168559301239, 0.04240395407635538, 0.04201921944904532, 0.04170354724290871, 0.04163454009281967, 0.04144708902585403, 0.041043953383820234]}, "val_loss": {"total": [2.1119208444248545, 2.124760725281455, 2.2557377923618662, 2.2986027760939165, 2.3246337933973833, 2.308550715446472, 2.2878055680881846, 2.238749720833518, 2.204909465529702, 2.2240830118005928, 2.1669706973162564, 2.1409265236421064, 2.139320958744396, 2.102525223385204, 2.0881822867826982, 2.042458003217524, 2.0361916585402056, 2.0146663297306406, 2.0095510374416006, 2.0391976833343506, 2.0392756245353003, 2.0360423759980635, 2.0560480139472266, 2.04179940440438, 2.0198891813104805, 2.0281467220999976, 2.0103979219089854, 2.004465482451699, 1.9747071916406804, 2.0060375928878784, 1.9374540827491067, 1.955562168901617, 1.9423587213863025, 1.9377022223039106, 1.9263326471502131, 1.9310559251091697, 1.9449281259016558, 1.90918091210452, 1.9065973433581265, 1.8962348807941785, 1.9281499494205823, 1.873855558308688, 1.8782359036532315, 1.902896686033769, 1.854549527168274, 1.8825643062591553, 1.8406844030727039, 1.8906252926046199, 1.823938705704429, 1.8440953709862449],