{"train_loss": [1.5002841972535657, 1.1682796791676553, 1.1295091809764986, 1.0936803131334243, 1.0739027923153293, 1.051403844164264, 1.0427804839226507, 1.0324880838394166, 1.025355553242468, 1.013157840890269, 1.009460026025772, 1.0060978787560617, 0.9992575866560782, 1.0003993355458782, 0.9890955601969073, 0.9685061233658945, 0.968699945749775, 0.9626879913191642, 0.967218223310286, 0.9526721163142112, 0.9513666033744812, 0.9366699614832478, 0.9227086613255162, 0.9282005396581465, 0.9153626447723758, 0.903803446215968, 0.8939453050974877, 0.9012792673803145, 0.8854983673941704, 0.8697709964167687, 0.8756690075320582, 0.8706026512768961, 0.8582610364883176, 0.8442072220386997, 0.8474247344078556, 0.8435550374369467, 0.8223430808513396, 0.8293382590816867, 0.8299943462494881, 0.812120690461128], "validation_loss": [1.7685575051741167, 1.63930251381614, 1.7257133397189053, 1.615917606787248, 1.669992739504034, 1.6171401414004238, 1.6342117461291226, 1.6478637023405596, 1.6392974690957502, 1.657715764912692, 1.6156808083707637, 1.6182052493095398, 1.656568781896071, 1.6831024343317205, 1.6594246896830471, 1.6771866245703264, 1.6846216375177556, 1.6876028288494458, 1.6848699071190574, 1.686608292839744, 1.6554227362979541, 1.6809633699330417, 1.683021908456629, 1.6929971846667202, 1.6939491412856362, 1.7377850250764326, 1.7578715411099521, 1.6774819113991477, 1.7751295566558838, 1.7505678913810037, 1.807390110059218, 1.7337661439722234, 1.6772058551961726, 1.754688403823159, 1.8010413267395713, 1.7504090612584895, 1.7552284869280728, 1.7496954690326343, 1.769537167115645, 1.8450021635402332], "epoch": [0, 1, 2, 3, 4, 5, 6, 7, 8, 9, 10, 11, 12, 13, 14, 15, 16, 17, 18, 19, 20, 21, 22, 23, 24, 25, 26, 27, 28, 29, 30, 31, 32, 33, 34, 35, 36, 37, 38, 39], "best_val": [[0, 1.7685575051741167], [1, 1.63930251381614], [3, 1.615917606787248], [10, 1.6156808083707637]]}