{"train_loss": {"total": [1.747457286619371, 1.463616499593181, 1.4114175604235741, 1.306103718088519, 1.2133834561994, 1.1434001243883563, 1.089810679228075, 1.0289159067215459, 0.9656931174378242, 0.9366951902066508, 0.9044384350699763, 0.8600382918311703, 0.8278446956988303, 0.80755814909935, 0.783570691462486, 0.7674060330275566, 0.7380136786930023, 0.7071632697697608, 0.7160387279525879, 0.6892092276965418, 0.6728655642078769, 0.6429659324307595, 0.6408716770910448, 0.6221355321426545, 0.6138610912426825, 0.5978815645460159, 0.5974909736264137, 0.5848204860764165, 0.5770853234875587, 0.5711188546111506, 0.5655854202085926, 0.5542387991182266, 0.552535162385433, 0.5424104057973431, 0.5249964069935583, 0.5156004962421232, 0.5161807910569253, 0.515910589743045, 0.5104299322251351, 0.5029326134151028, 0.4945273167183322, 0.480810713335391, 0.4820678966179971, 0.4747187496192994, 0.47614260993657576, 0.48016429005130645, 0.47176627117779946, 0.4601262104126715, 0.4559084954281007, 0.4479702703414425], "classifier": [0.3232377521453365, 0.30111356467729616, 0.28430824292102647, 0.25216920165825757, 0.24739134612102662, 0.24523507815695578, 0.23580071980193737, 0.2281854293158939, 0.2178882655717673, 0.21379206893184494, 0.2092861391483776, 0.1986457123270919, 0.19052714455512262, 0.18786980111392276, 0.18225687342064997, 0.17753484778466724, 0.17442336421039317, 0.16475050976920513, 0.16462764986340075, 0.16220989987975168, 0.15711184436635625, 0.15028905637802617, 0.15083227607331448, 0.14597867400715908, 0.14265537633590641, 0.1389826391463078, 0.13994608235755754, 0.13690200589236715, 0.13445551428162764, 0.1323764864595667, 0.13103451791309542, 0.12772015993212982, 0.12869643584013946, 0.12498744171593458, 0.12148726920056488, 0.11799156248509403, 0.11809595442947841, 0.11759663875545225, 0.1165968680574048, 0.11431419923000279, 0.11455867520473417, 0.1138551335436322, 0.11352906082606604, 0.10770336719109647, 0.11112755464630261, 0.11132472039410664, 0.10801408701846676, 0.10462104862916373, 0.10535005235804185, 0.10258993476388915], "box_reg": [0.2531378045237034, 0.4233039449831971, 0.47540729766837864, 0.4611889461459096, 0.4757382015547445, 0.468135257762286, 0.45481491866371326, 0.42438148999166103, 0.4016582329547213, 0.3837965099080916, 0.37217091964858195, 0.3532578530691324, 0.3375793259350523, 0.3284395144711579, 0.320977731265368, 0.3122305512428284, 0.294831735592696, 0.2846211037448337, 0.2903447731247833, 0.27197459553398434, 0.26973884503447243, 0.2528383587877597, 0.2529093028436745, 0.24262974020694533, 0.24309575281316234, 0.23418660477524803, 0.23635981177250223, 0.22779360062653017, 0.22415068115318013, 0.22334123152878976, 0.22185105006661146, 0.21672880041503137, 0.2132815200174528, 0.20979053088493885, 0.20428345181468513, 0.19766100223266309, 0.20221211114718068, 0.20166017569962047, 0.20012664174240444, 0.19401596226398984, 0.18886095261081093, 0.1792745635934895, 0.18175915588414476, 0.18180738779145383, 0.17978702710280495, 0.18161662936571144, 0.18036248206851943, 0.17612637347812132, 0.17116155130488256, 0.16752680834502942], "mask": [0.627218448346661, 0.4971148114050588, 0.4419826163399604, 0.4171762079000473, 0.3551330982677398, 0.31476675262374265, 0.2986497832882789, 0.283781333315757, 0.2589962563207073, 0.258037644240164, 0.24420663031839554, 0.23489019774621533, 0.2296809059958304, 0.22490163147449493, 0.2180573221656584, 0.21590602619032706, 0.21063277192654148, 0.2033531343744647, 0.20638591219340602, 0.2032680798442133, 0.19607437113600393, 0.19186472979284103, 0.19078509879689062, 0.1892494287702345, 0.18538156478635726, 0.18323941105796446, 0.18060829745184992, 0.1796982695979457, 0.1809337025207858, 0.17732882201671601, 0.17634126476703152, 0.1727735583339968, 0.1734152538161124, 0.1728408214546019, 0.16513969013767857, 0.1659668890218581, 0.16375823554492766, 0.1649913523947039, 0.1629560582580105, 0.1633090105268263, 0.16159741335338162, 0.15863283954320415, 0.1589413559244525, 0.15703142617017993, 0.1571366372127687, 0.1585518747087448, 0.1572382798117976, 0.15480958151240504, 0.15475798369415344, 0.152520260839693], "objectness": [0.48001648226091936, 0.17982778963783094, 0.14948150382166908, 0.11854200819807668, 0.08252825649274934, 0.06618299167453041, 0.053752643272521036, 0.04807811592510271, 0.04416366694870615, 0.03969310855590588, 0.03843019363552993, 0.0334319758334107, 0.032561284906583866, 0.029657081672696456, 0.027060666027001946, 0.02683841448925969, 0.025016565373516642, 0.0215072967496986, 0.021819623968387474, 0.020435793560576596, 0.019224175929200775, 0.018462529577218154, 0.01807516465928676, 0.016726750152790168, 0.016386193971101744, 0.016124456952233995, 0.015545809136787167, 0.015378391503491589, 0.01373613000314142, 0.013833483542745648, 0.012826876508517026, 0.013748396472158586, 0.014772657855017666, 0.012736996326402145, 0.012849907072227178, 0.011610430265758505, 0.01121757340655266, 0.011171832826051198, 0.010899885446621826, 0.011262279494762733, 0.010244270171425606, 0.010351375233914306, 0.009839093589870307, 0.009813801956472397, 0.010202017865876475, 0.010104729267192353, 0.008499157759022989, 0.007779513236938885, 0.008299295174583676, 0.008809810327605397], "rpn_box_reg": [0.06384678916600083, 0.06225638116499589, 0.060237893837714385, 0.05702735309661817, 0.05259255711514983, 0.049080044594865604, 0.04679260198702855, 0.04448954169676008, 0.042986699680313316, 0.04137586073240175, 0.04034455567579566, 0.039812550974555404, 0.03749603844027602, 0.03669011671383135, 0.0352181004333092, 0.03489619560618115, 0.03310924629230642, 0.03293122380261681, 0.032860770581042274, 0.03132085912333306, 0.030716328351216713, 0.029511257262575166, 0.02826983616875124, 0.027550938767584035, 0.026342203439086123, 0.025348454201593994, 0.0250309729669337, 0.02504821290950208, 0.023809298095147823, 0.024238830215613086, 0.02353170763200333, 0.02326788639090204, 0.02236929678932234, 0.02205461052273618, 0.021236087120069573, 0.02237060898966569, 0.02089692051217313, 0.020490590191008278, 0.019850477124125444, 0.020031161102627766, 0.01926600269028812, 0.018696802179469924, 0.01799923281188615, 0.01836276646734463, 0.01788937122612204, 0.01856633599553231, 0.017652262697494384, 0.016789696749401627, 0.01633961497805543, 0.016523458236934536]}, "val_loss": {"total": [2.3320758451115, 2.248029524629766, 2.1106815229762685, 2.0330932682210747, 1.9803209846669978, 1.833593119274486, 1.7838291363282637, 1.7656990831548518, 1.6871493729678066, 1.7194042639298872, 1.6206327243284746, 1.5873091329227795, 1.6240692680532283, 1.5791114893826572, 1.5331616401672363, 1.5423718040639705, 1.5308719765056262, 1.518448211930015, 1.5126895037564365, 1.4985979795455933, 1.4749509638006038, 1.4488793936642734, 1.511652025309476, 1.483630895614624, 1.458616484295238, 1.5020567828958684, 1.4724879481575706, 1.419574184851213, 1.4772552251815796, 1.4382252151315862, 1.4578372673554854, 1.407491142099554, 1.4743064425208352, 1.4583385640924627, 1.4565489942377263, 1.4203786741603504, 1.3974435221065173, 1.4179901101372459, 1.4469988562844016, 1.4610495350577615, 1.442759318785234, 1.4359938231381504, 1.3681638620116494, 1.3871893774379382, 1.440675432031805, 1.4691239595413208, 1.3827546401457353, 1.4539897333491931, 1.4185817458412864, 1.4486889080567793],