{"train_loss": {"total": [0.8784218297850701, 0.6349102440380281, 0.5448096039795106, 0.4880419055300374, 0.4647164362092172, 0.4570454625352736, 0.4018223574565303, 0.38409474294993184, 0.3626403187551806, 0.34667574196092543, 0.3389275370586303, 0.32909742180378204, 0.3272121087678017, 0.30795404656279474, 0.3020462629775847, 0.3195152094287257, 0.30078607297712756, 0.28845131469349705, 0.2894901784677659, 0.26786828819782504], "classifier": [0.18186541297623227, 0.13203164014003932, 0.10672887293922324, 0.09570579767347344, 0.09014484313947539, 0.08650414711765704, 0.07129455859802904, 0.06761801453277229, 0.061475961855162055, 0.0585316508077085, 0.05450359681290724, 0.05506089725231211, 0.05432986110268581, 0.049802046785912206, 0.04996760003268719, 0.051161013438456485, 0.04712026853625092, 0.04639721737663832, 0.04642746294998834, 0.04333982353639459], "box_reg": [0.32549319356199236, 0.25055157744115397, 0.22361187090075785, 0.19326319652459314, 0.18247191875932678, 0.1810622381707353, 0.15265898204618886, 0.14594584231174762, 0.13591982545030692, 0.12836945234467426, 0.12465999443684855, 0.12184396411983237, 0.12059898596377142, 0.10928418578640108, 0.10633211411055057, 0.12143569500335763, 0.10830773241938121, 0.10153643895661639, 0.10268333245429301, 0.08947939377037749], "mask": [0.21009367742846088, 0.171177748999288, 0.153896246562081, 0.15003407237029845, 0.1450757148285066, 0.13823459576214514, 0.1339720929822614, 0.13087887470760654, 0.12867273563338863, 0.12673909495915137, 0.1253359498035523, 0.12301211595054595, 0.12249800490756188, 0.12088622816147343, 0.1191148014799241, 0.12161676749106376, 0.11807908733044901, 0.11583162060668392, 0.113900252047085, 0.11383613472984683], "objectness": [0.09039282220868289, 0.02714022519151425, 0.015680665613997974, 0.010678126757334065, 0.010189400786628304, 0.008594057602937438, 0.007475503828159309, 0.006641675331974834, 0.004729499825982437, 0.004353850415546114, 0.0044199696126710365, 0.004393571817634496, 0.004598648598790356, 0.0034951469165999667, 0.0035963996090011335, 0.003480134001637775, 0.003275261328505416, 0.003399438440459151, 0.0030876152569450617, 0.003258822461664808], "rpn_box_reg": [0.07057672426960762, 0.05400905660818323, 0.044891948501472434, 0.03836071297391168, 0.036834561877654895, 0.04265042387001637, 0.036421219802333885, 0.03301033720776867, 0.031842296513341056, 0.028681693632801573, 0.030008025991170847, 0.024786872961363594, 0.025186610852570963, 0.024486438550417416, 0.023035348036688857, 0.02182160062174291, 0.024003722316082266, 0.021286599656459952, 0.023391516399439545, 0.01795411166958436]}, "val_loss": {"total": [1.221806287765503, 1.1383837244727395, 1.1924974051388828, 1.1607233394276013, 1.206845993345434, 1.2148816531354731, 1.199051477692344, 1.2322331992062656, 1.348578398877924, 1.3313096815889531, 1.3661871335723184, 1.465519363229925, 1.318714277310805, 1.4180722399191423, 1.2940244403752414, 1.2876406691291116, 1.295398311181502, 1.4113235690376975, 1.311547506939281, 1.3438990224491467], "classifier": [0.2511594579978423, 0.22767696326429193, 0.24676916003227234, 0.22364679994908246, 0.26253101229667664, 0.2317103323611346, 0.2463404888456518, 0.233179548247294, 0.271717217835513, 0.257259187373248, 0.26889837736433203, 0.2820026075298136, 0.26356457580219617, 0.26688551902770996, 0.2656142332337119, 0.2486576966264031, 0.2565563239834525, 0.271586231210015, 0.2723856541243466, 0.27901351993734186], "box_reg": [0.42385196685791016, 0.4143001247536052, 0.4066602723164992, 0.36908588626167993, 0.3994912857359106, 0.3707192269238559, 0.389633446931839, 0.35794688083908777, 0.39046023921533063, 0.38424268635836517, 0.3808144574815577, 0.3998432918028398, 0.3768406320701946, 0.3610199066725644, 0.3763620338656686, 0.3533807776191018, 0.3436558815565976, 0.3583063239401037, 0.37085985053669324, 0.36811539801684295], "mask": [0.24959850717674603, 0.2197304368019104, 0.22012446278875525, 0.23617695542899045, 0.22198568149046463, 0.21973948587070813, 0.23844077776778827, 0.21324775029312482, 0.2519088956442746, 0.228121508251537, 0.21803784641352567, 0.22915946759960867, 0.21346387944438242, 0.22472257641228763, 0.22088040005077014, 0.21836360476233743, 0.21111205355687576, 0.22702998329292645, 0.21206631714647467, 0.2267239676280455], "objectness": [0.15058908763934264, 0.11467728729952466, 0.17500295015898618, 0.19505485841496426, 0.18855744989758189, 0.24210703948682005, 0.18774835443632168, 0.3030165813185952, 0.3023376327685334, 0.31926949525421316, 0.36780389567667787, 0.4049005291678689, 0.33173967169767077, 0.43320770493962546, 0.31562969562682236, 0.3274530693888664, 0.36344368620352313, 0.4235590618442405, 0.3294594677334482, 0.34137126159938896], "rpn_box_reg": [0.14660726284438913, 0.16199892556125467, 0.1439405706795779, 0.1367588476701216, 0.13428054682233118, 0.15060557899149982, 0.13688841326670212, 0.12484244629740715, 0.13215442171150987, 0.14241682568734343, 0.13063259490511633, 0.1496134718710726, 0.13310554284941067, 0.13223652406172318, 0.11553805727850307, 0.1397854783995585, 0.12063038518482988, 0.13084199347279288, 0.12677622180093417, 0.1286748464811932]}, "best_val": {"model_val": [1.221806287765503, 1.1383837244727395], "epoch": [125, 126]}}