{"train_loss": [1.4310448271612968, 1.1466469543595468, 1.0933842580164632, 1.0799283435267786, 1.0581630527973176, 1.0303070227946005, 1.0207574700155566, 1.019256051317338, 1.0039822978358115, 0.9919817880276711, 0.9872549068543219, 0.9857747858570468, 0.9728684507070049, 0.9717737538199271, 0.9551389798041313, 0.9461068028403866, 0.9339770621830418, 0.9443282950309015, 0.9290612620692099, 0.9089328746641836, 0.9100884735584259, 0.8982647067116153, 0.8806448561529959, 0.8751236794456358, 0.864742848277092, 0.8742012739181518, 0.8537746511159404, 0.8472591385726006, 0.8347118179644307, 0.8276835967456141, 0.8120302492572415, 0.8070277252504903, 0.8093320460088791, 0.8093566897415345, 0.8006373120892433, 0.7959368721131356, 0.7951088568856639, 0.7667827584089771, 0.7673627667850064, 0.786138014158895], "validation_loss": [1.7715529203414917, 1.6320571249181575, 1.638883802023801, 1.587626332586462, 1.6177516796372153, 1.6034964323043823, 1.5901847264983437, 1.580291043628346, 1.6131408918987622, 1.5740990313616665, 1.6381944038651206, 1.636596072803844, 1.6218216310847888, 1.6335305734114214, 1.6130257573994724, 1.5988748507066206, 1.6229079636660488, 1.6316548423333601, 1.6103645129637285, 1.6169355565851384, 1.616822681643746, 1.6267948692495173, 1.6857619393955579, 1.6590984192761509, 1.6788042783737183, 1.671640396118164, 1.7082193060354753, 1.6662619655782527, 1.6945836706594988, 1.6570544622161172, 1.707649220119823, 1.6881706443699924, 1.7208811423995278, 1.6241596666249363, 1.7199661352417686, 1.6758781508965925, 1.6942382725802334, 1.6902022415941411, 1.7514707446098328, 1.6700047904794866], "epoch": [0, 1, 2, 3, 4, 5, 6, 7, 8, 9, 10, 11, 12, 13, 14, 15, 16, 17, 18, 19, 20, 21, 22, 23, 24, 25, 26, 27, 28, 29, 30, 31, 32, 33, 34, 35, 36, 37, 38, 39], "best_val": [[0, 1.7715529203414917], [1, 1.6320571249181575], [3, 1.587626332586462], [7, 1.580291043628346], [9, 1.5740990313616665]]}