{"train_loss": [1.3203988646307299, 1.0227422425823827, 0.9557687770935797, 0.9476285957521008, 0.9257487472026579, 0.9158784650987194, 0.8976172092460817, 0.9048356278288749, 0.8899240905238736, 0.8919624713159376, 0.884179503783103, 0.8827883046480918, 0.8791498910996222, 0.8754914830769261, 0.870869627979494, 0.868472064406641, 0.861426590238848, 0.8614440315192745, 0.8516323009806295, 0.8467611736828281, 0.8430115831475105, 0.8507509073903484, 0.8390573410257216, 0.8276678260295621, 0.8279941977993135, 0.8378693113403936, 0.8305983105013447, 0.8308340788848938, 0.8122115701436996, 0.8056925991850514, 0.8056331274970885, 0.8117724043707694, 0.8014430089342979, 0.8104919647016833, 0.7952175799877413, 0.7922621850044497, 0.7850992237367937, 0.7827614086289559, 0.7865877760994819, 0.7874306295187242], "validation_loss": [1.5003863193772056, 1.4506252678957852, 1.4763890504837036, 1.4166140827265652, 1.4340834617614746, 1.4289761890064587, 1.38140592249957, 1.406502734531056, 1.4504012682221152, 1.4223207072778181, 1.3975186077031223, 1.3793223283507607, 1.405165818604556, 1.4187568859620527, 1.3922220522707158, 1.4459387930956753, 1.4268428033048457, 1.3861446434801274, 1.4092668945139104, 1.4077052040533586, 1.3620590513402766, 1.4124491919170727, 1.418081283569336, 1.410594273697246, 1.4335030804980884, 1.4738222739913247, 1.4293424432927913, 1.4618943008509548, 1.4248092391274192, 1.4558222889900208, 1.4675191315737637, 1.4351080764423718, 1.4745883724906228, 1.4496785781600259, 1.478358583016829, 1.5168878869576887, 1.490591293031519, 1.471692231568423, 1.461941193450581, 1.5043416131626477], "epoch": [0, 1, 2, 3, 4, 5, 6, 7, 8, 9, 10, 11, 12, 13, 14, 15, 16, 17, 18, 19, 20, 21, 22, 23, 24, 25, 26, 27, 28, 29, 30, 31, 32, 33, 34, 35, 36, 37, 38, 39], "best_val": [[0, 1.5003863193772056], [1, 1.4506252678957852], [3, 1.4166140827265652], [6, 1.38140592249957], [11, 1.3793223283507607], [20, 1.3620590513402766]]}