{"train_loss": {"total": [1.6419205661742917, 1.1286863146289703, 0.9100649531810514, 0.8231529997241113, 0.7687361238464232, 0.7344417849856039, 0.7100332785998621, 0.6916660350176596, 0.6713001206036537, 0.6550478532429664, 0.6451818744021077, 0.6365296524378561, 0.6185264741220782, 0.614832210829181, 0.6012701893045056, 0.5924051917368366, 0.584977731204802, 0.5813729854360703, 0.5753257397682436, 0.5631754366620895, 0.5556723886920559, 0.5484474744527571, 0.5492214197112668, 0.5408807507445735, 0.5345456107008841, 0.5319342407488054, 0.5242237139132715, 0.5228433959426418, 0.5211733254213486, 0.5141604635984667, 0.507764796335851, 0.504312306402191, 0.5022899225354195, 0.4980271024569388, 0.4884862384007823, 0.48684067548282683, 0.48467126450230996, 0.4747928023338318, 0.47459509536143274, 0.4737814959018461, 0.4693792560888875, 0.46428938911807155, 0.462658957704421, 0.4593010494785924, 0.4523536634541327, 0.45202117499805267, 0.4531570394673655, 0.44868087633963555, 0.4466751052487281, 0.4410842771972379], "classifier": [0.39839412493090476, 0.24464507828797064, 0.19781517581112923, 0.1835017794322583, 0.17340253620378432, 0.16630976803360448, 0.16169222213568227, 0.1617301999320907, 0.15411757397195025, 0.15096226059981893, 0.14947414689607197, 0.14682278162649562, 0.1419529090605436, 0.14213509730273677, 0.1379699048375891, 0.13754949776395675, 0.13622077011893835, 0.13451895035442807, 0.13328603287377666, 0.13096181751499253, 0.12876816736233812, 0.12734944760919578, 0.12820612832062667, 0.12473525382698544, 0.12049997394844408, 0.12154053869627175, 0.11928905587523214, 0.11963824594333287, 0.11852219082535274, 0.11726164724076948, 0.11700809460974508, 0.11516801177133476, 0.11373496110280676, 0.11246368307019433, 0.10994447780352447, 0.11036118962952206, 0.11014783602027643, 0.10598683829509443, 0.10680915245545967, 0.10597904730708368, 0.10469157772679483, 0.1033601600586647, 0.10288290982885707, 0.10159656359483638, 0.10019923366245724, 0.09965145529938801, 0.10045566498752563, 0.09983970293054177, 0.09878559040446436, 0.0972386293173317], "box_reg": [0.6314551869046784, 0.5098763695166957, 0.3792440370926934, 0.324850564714401, 0.2989089906215668, 0.28499433143484976, 0.274619155268996, 0.2661859788240925, 0.2583651934299738, 0.2525145827522201, 0.24792012807222144, 0.24492814509618666, 0.23805565983057023, 0.23571255739417768, 0.23156762797265285, 0.22632720768451692, 0.22301183948593756, 0.22209557708232633, 0.2177462666625938, 0.21352876534144724, 0.21108046080316267, 0.20710987561652738, 0.2067556842440559, 0.20450457806789105, 0.2011097100232878, 0.19920327435097387, 0.1957680004138139, 0.19535730537627974, 0.19578215631265794, 0.19230424566494841, 0.18860039355293398, 0.1874490335042919, 0.18750949337357475, 0.18453650719696477, 0.1801610003435804, 0.17847937051086657, 0.17869263200630103, 0.17489994243989068, 0.1745229362299846, 0.1745463086712745, 0.17333696781387253, 0.17042450073866114, 0.16851602474888486, 0.16700630294940164, 0.16442562590142892, 0.16403252279926692, 0.16498139450146307, 0.163164219308284, 0.16118322195365065, 0.15861033955588938], "mask": [0.3595013591551012, 0.23962122269215122, 0.21973651743704273, 0.21045007470153992, 0.20238175204684658, 0.19760766163949042, 0.1936255556921805, 0.18903736847062264, 0.1865959878890745, 0.1844324443128801, 0.18333079012170914, 0.18238729161600914, 0.17891703920979654, 0.17840406606274267, 0.17602466258310503, 0.1744797548940105, 0.17320949988019083, 0.1719844524418154, 0.17051171751752978, 0.16905695473955523, 0.16700671050817736, 0.16656527418282724, 0.16657294871345643, 0.16515936750558116, 0.16514766672926565, 0.1646520153168709, 0.16327459187276902, 0.16312942375098505, 0.16334555908556908, 0.16148340081976306, 0.16005573176568555, 0.15997137537887018, 0.15969417734492208, 0.15933698439790356, 0.15793654389919773, 0.15832917224014958, 0.1575752408754441, 0.1557559263802344, 0.15569291388796222, 0.15582298670084246, 0.15416875164355, 0.15429392918463677, 0.1543437307880771, 0.15320356146943184, 0.15107162460204093, 0.1527709684544994, 0.1522115376687819, 0.1513409710699512, 0.1518557489398987, 0.1516409291375068], "objectness": [0.18722712729847238, 0.07429028381293099, 0.05568400940392167, 0.04529695011404974, 0.038924820089126906, 0.03181562058837904, 0.02934110721182679, 0.026533234416837654, 0.024310500641173172, 0.021283820372228812, 0.021167246510946914, 0.019417380549543117, 0.01876198837736381, 0.017376571249089114, 0.015868937527580607, 0.01606855856812364, 0.014352703512169331, 0.01487449957348872, 0.015772421562935287, 0.013194523463138349, 0.013105302167335344, 0.012399328980409923, 0.012774292259705215, 0.0118309024737931, 0.01324037122174031, 0.011608833867273549, 0.013019442573849736, 0.011177798122192936, 0.01118235307573829, 0.010299574775994951, 0.010068812085944134, 0.009791933889984296, 0.009737602400878865, 0.009586089088712, 0.009297624323487746, 0.008979897162398923, 0.008094742830860101, 0.008018070021253446, 0.00823142755110483, 0.007630215126077782, 0.007906303853821057, 0.007432899766442255, 0.008385959565414176, 0.008347095208198645, 0.007933320831635947, 0.007258456910318684, 0.0074853590457473, 0.006635895882592165, 0.00718781326570259, 0.006795140337623795], "rpn_box_reg": [0.06534276020679353, 0.06025336490753445, 0.05758522034786086, 0.059053630863015696, 0.05511802955135804, 0.05371440375740583, 0.05075523831039919, 0.048179251662828215, 0.04791086382010103, 0.04585474017662965, 0.043289560181719644, 0.042974055266653696, 0.04083888325769822, 0.04120391779769336, 0.03983905412160018, 0.037980171229907184, 0.038182917694564, 0.037899503055415416, 0.038009296890443016, 0.03643337107803804, 0.03571174534435775, 0.03502354888989958, 0.03491236937761348, 0.03465064915400299, 0.034547887579749165, 0.034929580401184206, 0.03287262330263583, 0.03354062493928077, 0.032341065845614664, 0.032811597789564516, 0.03203176333645975, 0.03193195410938408, 0.03161368345653529, 0.0321038411683525, 0.03114658904873537, 0.030691044531399272, 0.030160814706393847, 0.030132022362733785, 0.02933866789265472, 0.02980293803505652, 0.029275656009521034, 0.028777896206790297, 0.028530332848247547, 0.02914752815713948, 0.028723858935371674, 0.028307768737666324, 0.02802308286237906, 0.02770008755729988, 0.027662729614061275, 0.026799236743681832]}, "val_loss": {"total": [1.8535671884363347, 1.6592223102396184, 1.5218276652422817, 1.4526746977459302, 1.3560605861923911, 1.379445271058516, 1.4049975763667713, 1.3888888467441907, 1.3045899055220864, 1.3519328128207813, 1.3153094540942798, 1.3313308304006404, 1.3351248773661526, 1.3341495611450889, 1.2859306606379421, 1.3058096062053333, 1.280330327424136, 1.3338268832726912, 1.3017947402867405, 1.3170512372797185, 1.3310344761068171, 1.3423471288247542, 1.2836059440266003, 1.304845847866752, 1.336196249181574, 1.3077892119234258, 1.3343458338217302, 1.330788417295976, 1.2944052761251277, 1.316053108735518, 1.3333893039009788, 1.3461777838793667, 1.3542476079680703, 1.3343723145398227, 1.321479770270261, 1.3482036048715764, 1.2992468313737349, 1.3309465484185652, 1.3254192688248374, 1.3513062000274658, 1.3043809208002957, 1.269043889912692, 1.2820327336137944, 1.3320662650195034, 1.3411930203437805, 1.3143516453829678, 1.3443922237916426, 1.3484848575158552, 1.3764126300811768, 1.3746937188235195],