{"train_loss": {"total": [1.4432940104315357, 0.8917484494947618], "classifier": [0.33258177306382886, 0.19284750677404866], "box_reg": [0.583552771908862, 0.36399158962791966], "mask": [0.3101610017399634, 0.22068414116098034], "objectness": [0.1507235902782169, 0.05544533833500839], "rpn_box_reg": [0.0662748757680557, 0.058779880697130145]}, "val_loss": {"total": [1.618508978323503, 1.4540125402537258], "classifier": [0.3136151690374721, 0.2908193658698689], "box_reg": [0.5926275524226102, 0.4891162270849401], "mask": [0.30798532339659607, 0.2873638475483114], "objectness": [0.2181437093425881, 0.20997073196552016], "rpn_box_reg": [0.18613724681464108, 0.17674235525456342]}, "best_val": {"model_val": [1.618508978323503, 1.4540125402537258], "epoch": [1, 2]}}