{"train_loss": {"total": [2.3555523095592377, 1.8070987001542123, 1.6623148572060369, 1.596912181761957, 1.5619021554147043, 1.544538127991461, 1.5340367463327222, 1.5346082921951048, 1.5399420499801635, 1.5469700117265024, 1.5634305507906021, 1.581548108208564, 1.5932424310714968, 1.5976954121743479, 1.5901149880501533, 1.570952965751771, 1.5370246618024765, 1.509255902613363, 1.47877424763095, 1.4825278851293748, 1.4884913644483013, 1.483605988948576, 1.4656750190642571, 1.4552869487193323, 1.4528563237959338, 1.4537694617625205, 1.4560246929045646, 1.4602172236288748, 1.4596603774255321, 1.457845297167378, 1.4556906530933995, 1.4574741255852484, 1.4505633850251474, 1.4475162019652705, 1.444818341732025, 1.4352768290427422, 1.4306206041766751, 1.423755367148307, 1.4216446018988087, 1.4141080919773348, 1.409476419994908, 1.4088598508988657, 1.399785195050701, 1.3947957934871797, 1.3881715463053796, 1.385325890587222, 1.380419482338813, 1.3728812853174825, 1.365775396746974, 1.3600360818447605], "classifier": [0.5471529403040486, 0.3231955111026764, 0.22565670059092582, 0.19302161756542421, 0.18289823291763183, 0.1819582570224039, 0.18344335998258282, 0.18855479229842462, 0.19534065038446458, 0.20311002341970322, 0.2123579880402934, 0.22379312342213045, 0.2340763763794976, 0.24029697554726753, 0.24285658275888813, 0.24203385124283452, 0.23881389087726992, 0.2384137722513368, 0.24083807927466208, 0.254451185464859, 0.26708963828221444, 0.27362885919790114, 0.2751347287407806, 0.2755905525818948, 0.27875770310000064, 0.28313635832840395, 0.2874957264911744, 0.29286956924103924, 0.2959659567162875, 0.2976537787866208, 0.2998226250131284, 0.30166391041730684, 0.3014743310309225, 0.303362564898787, 0.30271977120109145, 0.3022239714860916, 0.3022219471032581, 0.30124794363735186, 0.30138587074414375, 0.30074312039200335, 0.299175554465863, 0.29831808169762936, 0.29742464208675007, 0.29600136900140395, 0.2942993548728766, 0.2936982875930205, 0.29414831108503764, 0.2909037552353355, 0.2905972555459988, 0.2883023055390485], "box_reg": [0.03626597861457999, 0.034271917643608533, 0.03855471061134238, 0.04502130525783756, 0.05103800749894881, 0.061010676982233794, 0.07106788528021313, 0.08334809877352757, 0.0964721260553732, 0.1093308411666869, 0.12503207407036473, 0.14127141620025918, 0.15725556132925822, 0.17336443181679165, 0.1834708610158545, 0.19248982365261913, 0.19681595882077912, 0.2088360476844349, 0.22314230109332128, 0.2607199127158721, 0.29848535394759834, 0.32454623761309886, 0.33712195822177643, 0.3511822301959206, 0.36484569031294556, 0.37569652797345393, 0.3870810728383085, 0.4001729013024634, 0.4074851364885915, 0.4160239720382848, 0.4195978308580966, 0.42922143630022486, 0.43212842893812076, 0.4351816318609053, 0.44097342157422853, 0.4397506203221236, 0.4417140349452365, 0.4427779696324104, 0.4472699238634725, 0.44544438975647227, 0.44838508526844373, 0.4535936365421343, 0.45246909621580983, 0.4524233689484273, 0.45285878837307647, 0.45536424090429545, 0.45388868098056145, 0.45563744368593045, 0.4526581296186064, 0.45350671776175133], "mask": [1.0111281962163987, 0.692364255843624, 0.6442512479520613, 0.6090264320373535, 0.5828363516638356, 0.5616865048485418, 0.5453172822152415, 0.5349764672017867, 0.5276003641466941, 0.521872644462893, 0.5223305434949936, 0.5232712457256933, 0.5215339222261982, 0.5185941667326035, 0.5170552586355517, 0.5124345569841323, 0.5082072056108905, 0.5069247949507929, 0.5070234171805843, 0.5115723584928821, 0.513144862844098, 0.511726773746552, 0.506195265631522, 0.5019191282410775, 0.4959199063239559, 0.49241407532845777, 0.4871201395988464, 0.4818180637974893, 0.476075122433324, 0.47053944853044327, 0.4656995121509798, 0.4601668204992048, 0.45488027420736127, 0.451216644817783, 0.44661935856265406, 0.44299174825991355, 0.43891160247787353, 0.4344554767493279, 0.430513068168394, 0.42800438654038214, 0.42328847598645, 0.42037778535196857, 0.4160627677556007, 0.41480364078475584, 0.41045094430446627, 0.4076532929174362, 0.40514686338363154, 0.4014809040292617, 0.3989981481144505, 0.39602925171775205], "objectness": [0.6960496267964763, 0.6926707248533925, 0.6892767110178547, 0.6852582716172742, 0.6805674183753229, 0.6753769101635102, 0.6698625449211367, 0.6633474380739274, 0.6562631814710556, 0.6484319175443342, 0.6395522202214887, 0.6290734764068358, 0.6163421784677813, 0.6015132061896785, 0.5827024479066172, 0.5600166336182625, 0.5292309372655807, 0.4911388018438893, 0.44400891142506754, 0.39189337511216443, 0.3459431094508017, 0.30973453560183123, 0.2833966966117582, 0.2628281205892563, 0.2497244488327734, 0.23882156797955112, 0.23068904785379288, 0.22187197102654366, 0.216673482569956, 0.21023353114724158, 0.20719479788695613, 0.20324657768491775, 0.1990499473146854, 0.19472286189275403, 0.19162988857396188, 0.18769778976998022, 0.18504371079466037, 0.18286313662125217, 0.18002068358323267, 0.1775104005851092, 0.17635817988024605, 0.1743747916793631, 0.17179533963001545, 0.1696948477457608, 0.16878345122020091, 0.16689497029348727, 0.1656028897171059, 0.1633671460853469, 0.16220878797072558, 0.16111066467579335], "rpn_box_reg": [0.06495556939231803, 0.06459627783549349, 0.06457548409046966, 0.06458455290712957, 0.0645621408154482, 0.06450578276961741, 0.06434567332635784, 0.06438149876569609, 0.06426572455262254, 0.06422458889109323, 0.06415772280437992, 0.06413884902046242, 0.06403439589532002, 0.06392662817097809, 0.06402983393317328, 0.06397810537863763, 0.0639566673979824, 0.06394248976439779, 0.0637615357709658, 0.06389104939824451, 0.06382839137635704, 0.0639695828397488, 0.06382637267684443, 0.06376692090153453, 0.0636085791674803, 0.06370092949195344, 0.06363870172776402, 0.06348472164188992, 0.06346067640228167, 0.06339456959526174, 0.06337588297676355, 0.06317537593084478, 0.06303040758113286, 0.06303249104962413, 0.06287590352341442, 0.06261270366826906, 0.06272931810648691, 0.06241083860720297, 0.06245505494448627, 0.06240580580591585, 0.062269125801451025, 0.062195552789395855, 0.06203335224155096, 0.061872563739081905, 0.0617789939727499, 0.061715100792371816, 0.06163274283528388, 0.061492044953892246, 0.061313074103353786, 0.06108714638563294]}, "val_loss": {"total": [2.41759577664462, 2.261975580995733, 2.181000005115162, 2.1543694084340874, 2.1490378488193858, 2.1304210424423218, 2.1310043551705102, 2.12422129240903, 2.1386060497977515, 2.1469498656012793, 2.1598237319426103, 2.176052299412814, 2.181220379742709, 2.1753264123743232, 2.1777608502994883, 2.1690589623017744, 2.150137500329451, 2.1410008560527456, 2.1270824779163706, 2.123490723696622, 2.1794380924918433, 2.227030732414939, 2.252952900799838, 2.264708172191273, 2.2501561533321035, 2.2583199847828257, 2.271739948879589, 2.281719359484586, 2.2852605147795244, 2.2837051803415473, 2.291555339639837, 2.279770244251598, 2.242999802936207, 2.251517111604864, 2.2509734522212637, 2.2346396554600108, 2.240048191764138, 2.235122247175737, 2.2371636737476694, 2.220853567123413, 2.2221103581515225, 2.201578671281988, 2.193895025686784, 2.2029932737350464, 2.1826060901988638, 2.181369250470942, 2.1895153414119375, 2.180385860529813, 2.1938853805715386, 2.1891167272220957],