{"train_loss": {"total": [0.9470678938011969, 0.6241583801084949], "classifier": [0.20299738251994695, 0.1361318287830199], "box_reg": [0.3628134686620005, 0.24150281250476838], "mask": [0.22884879256448437, 0.17518044493852122], "objectness": [0.09083592877122423, 0.02329355541207347], "rpn_box_reg": [0.06157231872212217, 0.048049734969742616]}, "val_loss": {"total": [1.2430524771863765, 1.1294647997075862], "classifier": [0.2766603028232401, 0.25597093863920733], "box_reg": [0.4465279985557903, 0.4277756837281314], "mask": [0.25801782039078797, 0.24640405719930475], "objectness": [0.10418136553330855, 0.0758722165430134], "rpn_box_reg": [0.15766499056057495, 0.12344190004197034]}, "best_val": {"model_val": [1.2430524771863765, 1.1294647997075862], "epoch": [1, 2]}}