{"train_loss": [1.802752976648269, 1.5761494019339162, 1.4719110304309475, 1.254694135919694, 1.1336400076266258, 1.0349522675237348, 0.9898044225669677, 0.9120097905397415, 0.8505118510415477, 0.8190825531559606, 0.7830250368964288, 0.7684284573601138, 0.7421886683471741, 0.7306230717128323, 0.7036571347905743, 0.6781709434524659, 0.6724915920726715, 0.6596765385520074, 0.6395532285974872, 0.6200243765308011, 0.6093575674679972, 0.6081437921331775, 0.5987201498881463, 0.5833566380123938, 0.5959319330992238, 0.5452381030205757, 0.5540340772559565, 0.5466206911590792, 0.547434672953621, 0.5187193576847353, 0.5182151108980179, 0.5241802554938101, 0.527465886742838, 0.5091522739298882, 0.5107983214720603, 0.4991982674406421, 0.5113373543946974, 0.4888352759903477, 0.49075435351940894, 0.5054782345890999], "validation_loss": [2.2732680927623403, 2.152139327742837, 2.1305958791212602, 1.9877756834030151, 1.9142787998372859, 1.851893880150535, 1.8269460526379673, 1.8181941617618909, 1.7656472812999378, 1.6825772415507922, 1.6909090822393245, 1.702126058665189, 1.6465611024336382, 1.7565529888326472, 1.6747236035086892, 1.6562713926488704, 1.6599987528540872, 1.7760595950213345, 1.7831833254207263, 1.6842342615127563, 1.6792383735830134, 1.701420252973383, 1.7371146245436235, 1.6891353672200984, 1.6542734124443748, 1.6797325177626177, 1.7546864748001099, 1.7495016293092207, 1.7079997279427268, 1.7678934118964456, 1.7379891655661843, 1.799996386874806, 1.7689691890369763, 1.8212726658040828, 1.7123770171945745, 1.7707210779190063, 1.7511448643424294, 1.702233986421065, 1.860254168510437, 1.7711211009459062], "epoch": [0, 1, 2, 3, 4, 5, 6, 7, 8, 9, 10, 11, 12, 13, 14, 15, 16, 17, 18, 19, 20, 21, 22, 23, 24, 25, 26, 27, 28, 29, 30, 31, 32, 33, 34, 35, 36, 37, 38, 39], "best_val": [[0, 2.2732680927623403], [1, 2.152139327742837], [2, 2.1305958791212602], [3, 1.9877756834030151], [4, 1.9142787998372859], [5, 1.851893880150535], [6, 1.8269460526379673], [7, 1.8181941617618909], [8, 1.7656472812999378], [9, 1.6825772415507922], [12, 1.6465611024336382]]}