{"train_loss": {"total": [1.5408096742245458, 1.3853891434208039, 1.2721818114480665, 1.0779855747376719, 0.943520495007115, 0.8545431103437178, 0.8020151477667593, 0.7455926477909088, 0.7139656649481866, 0.6932311440667799, 0.6497113237457891, 0.6238574132323265, 0.609418784466482, 0.5735746306757773, 0.5636649569676768, 0.5562829276727091, 0.5408034525571331, 0.5146533432506746, 0.507579051390771, 0.5009259017244462, 0.474666430584846, 0.45970271234550786, 0.4466139573243357, 0.41412617170041605, 0.42113835013681844, 0.4079174946873419, 0.40104048588583546, 0.3846606753045513, 0.4017285520511289, 0.3802670257706796, 0.382106771392207, 0.3650583810383274, 0.37165961068484094, 0.3728439312788748, 0.36264380524235384, 0.34947495893124614, 0.34643833464191803, 0.3246974527355163, 0.3393429598500652, 0.3208375476060375, 0.32014117154382893, 0.31388873640568027, 0.31396508476426527, 0.2985071090921279, 0.30021413809830144, 0.2924316026030048, 0.2949793818016206, 0.2900707196324102, 0.28017749089387156, 0.2883984290784405], "classifier": [0.33510399169979554, 0.29292657243147974, 0.27230172578485745, 0.2481413140051788, 0.22373826586671414, 0.20546450487548304, 0.19261571526407234, 0.17740747625188483, 0.17346417799351677, 0.1664413015268022, 0.1587002178894416, 0.148366808729066, 0.14234643774707953, 0.13933817818911085, 0.13480528482506351, 0.12854750746740928, 0.13002706381882873, 0.11784502681525004, 0.12047820014037913, 0.11430663018968076, 0.10816978024799496, 0.10417318975913428, 0.10199949974795022, 0.09258885612531055, 0.09388523988215433, 0.09406736510685615, 0.08839627807929872, 0.08451899521037816, 0.08864293920867626, 0.08248982337874271, 0.08283002633270958, 0.07852436737758257, 0.08088895545205882, 0.07790041362656461, 0.07796212743457047, 0.07230140582823585, 0.07023629456337901, 0.0691236064491433, 0.07305434285062215, 0.06719096128513376, 0.06664179379661236, 0.06603413954707643, 0.0644377071256449, 0.06055885150788292, 0.0602225270114779, 0.057442587116853364, 0.060152798561724806, 0.059870393799933336, 0.05644114071413154, 0.06034384675233835], "box_reg": [0.24459268267199796, 0.3697737557547131, 0.440597463401425, 0.41632769100608363, 0.3640566829351648, 0.34502073139432937, 0.32613169159139355, 0.30452763761483853, 0.29020193707077735, 0.27801989941827715, 0.2619061078395574, 0.2581872791652718, 0.2498085170623756, 0.2281180556983717, 0.22536093783715078, 0.22863486791930854, 0.21607512141307517, 0.21307436762557877, 0.2001441882622819, 0.19900948742344496, 0.18973623615118765, 0.18126937014561506, 0.17441137149749744, 0.15877496848003037, 0.16255123219302586, 0.1549825342702529, 0.15274124831081398, 0.14668925280472445, 0.15718645107061152, 0.14205763601968366, 0.14399806888954295, 0.1374786738847052, 0.14263341882897, 0.1420511144784189, 0.1367981909864372, 0.13264679810813357, 0.1349416004283534, 0.11921321590761504, 0.12575814163973253, 0.1169128754025986, 0.11505031725091319, 0.11437445597482786, 0.11528578518379119, 0.10621516060895256, 0.10897374821286047, 0.1041793969339661, 0.10720886901141174, 0.10399982036962624, 0.09823678408358846, 0.10208974589984263], "mask": [0.615447643110829, 0.5156679138060539, 0.39210306223361724, 0.28792558764257736, 0.25284916739309987, 0.22045593598196583, 0.21228869648710375, 0.20253017929292494, 0.19705795544770457, 0.19598587982116206, 0.18315509932656443, 0.17620860213233577, 0.17839605625598662, 0.17099072385218836, 0.16818021593555327, 0.165906126749131, 0.16256271716087095, 0.15535119839252964, 0.1546750089814586, 0.1564460879852695, 0.15103791519518822, 0.14989445589242442, 0.14760002388108162, 0.14310985366182943, 0.1427446138474249, 0.13898729158024634, 0.13943375957108314, 0.136796384689308, 0.13842032095116955, 0.13639380239671275, 0.13744048884799404, 0.13314366294972357, 0.13198979218159954, 0.1355026842605683, 0.13254309597034608, 0.129101558462266, 0.12817236483097078, 0.12508608460907014, 0.12651543795101106, 0.12437695863266145, 0.12535996494754667, 0.12091187546330114, 0.12210265347553838, 0.11920984358556809, 0.11855125083558021, 0.1202260440876407, 0.11831954599868867, 0.11574992866766068, 0.11644975853062445, 0.11659439862255128], "objectness": [0.2819733032055439, 0.147026712843968, 0.10913380316548771, 0.07053829185484398, 0.05436809725586265, 0.04091482506482862, 0.030100756039985667, 0.024443642559720414, 0.020006059462978173, 0.019124316593637735, 0.015086339837979457, 0.013717510593109652, 0.012719780019594304, 0.010957974253359416, 0.01080653418506582, 0.009496055145545171, 0.010284078128296965, 0.007699464083059631, 0.00847269723202654, 0.01015184000413771, 0.006475794547769774, 0.006431138898798024, 0.005598599800824529, 0.005184865269644257, 0.0053533794450847765, 0.005254739759684233, 0.0048282128935815925, 0.00485304307479847, 0.0049460916922638015, 0.00485349526425125, 0.00462771764311671, 0.005000346717826042, 0.004644469928086525, 0.004715028784079139, 0.004261310074493409, 0.003700065249370621, 0.0035290067311213916, 0.0028611281666305714, 0.003613534630025125, 0.003350479463446273, 0.0031731154182888265, 0.0036962188232850636, 0.0035424454088276817, 0.002686425961479883, 0.0032241668758703577, 0.003124566755662184, 0.0029100458731385693, 0.002761500978146702, 0.0026743119829916394, 0.0025545270091477564], "rpn_box_reg": [0.06369205767161122, 0.05999419345377734, 0.058045754954594395, 0.05505268766315684, 0.04850828441849444, 0.04268711133824376, 0.040878290629142056, 0.03668371110166669, 0.03323553852617718, 0.033659755328042065, 0.030863558711773237, 0.02737721089713065, 0.02614799601935609, 0.024169701700767262, 0.024511984971491808, 0.023698369650575785, 0.0218544770961495, 0.02068328438717506, 0.023808954771577132, 0.021011855892981744, 0.01924670244409372, 0.01793455883152708, 0.01700446264273318, 0.014467625253887343, 0.01660388340631823, 0.014625563516129923, 0.015640986535342356, 0.011802998971316194, 0.012532747142106546, 0.01447226668302509, 0.013210470261166788, 0.01091133167670529, 0.011502976489693185, 0.012674690396036772, 0.01107908245915408, 0.011725130181002897, 0.009559070157035509, 0.008413416738661791, 0.010401504308591087, 0.009006273174224677, 0.009915980777147906, 0.008872047767043466, 0.008596490803833031, 0.009836829039681283, 0.00924244738049281, 0.007459006992728738, 0.006388122667574921, 0.007689074561928846, 0.006375497831968166, 0.00681590989194862]}, "val_loss": {"total": [2.1613521575927734, 2.124733718958768, 1.9352928508411755, 1.6829212795604358, 1.579058202830228, 1.4798953858288852, 1.4258045608347112, 1.4379425265572288, 1.3470453782515093, 1.4169990691271694, 1.3653821457516064, 1.3509350581602617, 1.3699365095658735, 1.3449073271317915, 1.3554788611151956, 1.2982316559011287, 1.322474642233415, 1.3619244477965615, 1.284017492424358, 1.3051305467432195, 1.343647144057534, 1.401169403032823, 1.3989565426653081, 1.4297324906695972, 1.261277355931022, 1.3572034239768982, 1.3132939338684082, 1.3519973213022405, 1.2973696481097827, 1.3162037838589062, 1.3805587400089612, 1.3679322654550725, 1.3236955946142024, 1.3432790203527971, 1.3456398140300403, 1.3058505871079185, 1.3347244479439475, 1.3345070047812029, 1.354844418438998, 1.3731384819204158, 1.3908660845323042, 1.390220046043396, 1.3711151155558499, 1.3607540780847722, 1.3658191019838506, 1.2472769238732078, 1.3544671752236106, 1.4093396663665771, 1.3387399911880493, 1.2885068980130283],