{"train_loss": {"total": [1.724079022099895, 1.5554994946525942, 1.4276148090439458, 1.2801033273819955, 1.2006943223937865, 1.1385446177374932, 1.0812198123624248, 1.026057928992856, 0.9651414217487458, 0.9221890898481492, 0.8970070881228294, 0.8580275305817204, 0.8444227233048408, 0.805357832004947, 0.7940199314586578, 0.7756162132947676, 0.7436284719936309, 0.719586121266888, 0.7186255508853543, 0.6884621081813689, 0.6641288968824571, 0.6648105791499538, 0.6527617888104531, 0.627687076935845, 0.6274913930123852, 0.5924911869629736, 0.6107526194184058, 0.5862525324186971, 0.5807645363673087, 0.5682448966849235, 0.5644243871973407, 0.558200263832846, 0.5466226096114805, 0.5496886210095497, 0.5343184497087232, 0.532002373520405, 0.5171025585263006, 0.510946031924217, 0.5120183649082337, 0.49239820588019584, 0.48953767438088697, 0.48227217788657833, 0.4667686064877818, 0.4620093173557712, 0.4870369993871258, 0.46511228315291864, 0.46312821185396563, 0.45815949233308917, 0.44705111490141963, 0.4449718672421671], "classifier": [0.3165854914053794, 0.3251729692662916, 0.28254160888853574, 0.25043058921132355, 0.24734782782052794, 0.24225656736882464, 0.2316729690999754, 0.22625957472670463, 0.21898023475322032, 0.2119828425347805, 0.20700102253786978, 0.19930196734926392, 0.19516521112452592, 0.19009897704085996, 0.18851402488447006, 0.18090984493854545, 0.17537347366732936, 0.16875392566284825, 0.16757739176673273, 0.16299497627563053, 0.15744432000022743, 0.15344070050144387, 0.15187122757216134, 0.14564518342996316, 0.14613336306666175, 0.1386436644611099, 0.14173220053555505, 0.137996812993961, 0.1341905469645656, 0.13152055613576405, 0.13162484979557415, 0.1278829549829806, 0.1281601950826664, 0.1270051405209327, 0.12323611484119489, 0.1227045847613725, 0.1208255878559524, 0.1193200119080082, 0.11750671009142552, 0.11572743200006023, 0.1124847506623595, 0.11155906399231284, 0.10915171467969495, 0.11031853652469092, 0.11460844467604353, 0.10864647527435614, 0.10611220032367255, 0.10645127884382682, 0.10382260734125251, 0.10325000229622087], "box_reg": [0.28169318870363824, 0.499564193772629, 0.4934346124809611, 0.48560353697450354, 0.470889225614167, 0.46921792158917075, 0.4458087002918605, 0.4251214852135989, 0.4028045103194252, 0.3782260002868791, 0.3691377453265652, 0.34894626647714644, 0.34439489655196664, 0.32354129037309076, 0.31861673925192124, 0.3177363334764396, 0.29883569078219513, 0.29059165818316324, 0.28718876796624354, 0.27041627063506074, 0.2621329711209382, 0.26476299906930617, 0.25944782535154975, 0.24504720984447387, 0.24845576577128903, 0.2297658071162239, 0.24362330109842362, 0.22876068702147853, 0.22875003693925758, 0.2183218072078401, 0.22058993309976593, 0.21822839180428175, 0.21222528892779544, 0.21254735723017684, 0.2066769212364189, 0.20637322741170083, 0.19869085507647646, 0.1950626452603648, 0.1989247369850355, 0.1841357205663958, 0.18359606494345973, 0.18111217285716727, 0.17290057279770413, 0.16996282474288055, 0.18467459464746136, 0.17195165612164043, 0.17487496165859123, 0.17241851519492846, 0.16461515539896585, 0.16584494729195873], "mask": [0.5989713957232814, 0.49981730291920323, 0.4494937424698184, 0.3835553897003974, 0.35457750943399247, 0.31329577151806126, 0.30092460974570245, 0.28149122730378184, 0.2575489724836042, 0.2499552607536316, 0.2415523358891087, 0.23597420434797964, 0.23353039007033072, 0.22429184495441376, 0.22141398883634997, 0.21374122322567046, 0.20994676798582076, 0.20396991583608812, 0.20681792540896324, 0.2007312100741171, 0.19438872707466925, 0.19444035464717496, 0.19293293972169198, 0.1907680124525101, 0.1874838912679303, 0.18220028377348377, 0.18239649125645238, 0.17930451968023853, 0.17840359744525724, 0.17854984652611516, 0.17629121787125066, 0.17542896573582004, 0.17205826668970048, 0.17472227912756705, 0.1704011290784805, 0.16828854848300256, 0.1658177050371324, 0.1649338432858067, 0.16452896806501574, 0.16211084872484208, 0.1642749443169563, 0.16073486194495232, 0.15619909691233788, 0.15586207874359623, 0.15916114502376125, 0.15778583533340884, 0.1545444639459733, 0.15374254286289216, 0.15328939653212023, 0.1516357213739426], "objectness": [0.4628921748169007, 0.16911863117448744, 0.14339506683811065, 0.10528280922932731, 0.07745874487764894, 0.06548377327440727, 0.0563871702194334, 0.049485042075356166, 0.043390166185300554, 0.04075802078981313, 0.038168808230529386, 0.03407612617367939, 0.03248343281260121, 0.030027905210003918, 0.028147818466588374, 0.027442708010165653, 0.024428713577189256, 0.02267060845666903, 0.02262303430841477, 0.022581205489076373, 0.019100982901328542, 0.019841410586119428, 0.01880547310701654, 0.01733347963374634, 0.01772123110065642, 0.014955424845397976, 0.015678883558317584, 0.0144882675663769, 0.014631740310822703, 0.014606783452261645, 0.012259389323146259, 0.012717130391167538, 0.011608069302969998, 0.012797739705650114, 0.012314964429688482, 0.012140608801212606, 0.011043963146749452, 0.011407876710161932, 0.010637077919490102, 0.010349693285013105, 0.01019768058701424, 0.010427632742827089, 0.010397531755845721, 0.008736571194341167, 0.00887678733307703, 0.008858448471883386, 0.009133457156677915, 0.008192937179480777, 0.00876717041866223, 0.008312812825569118], "rpn_box_reg": [0.063936755048757, 0.061826397008600556, 0.05874978549432971, 0.055231006685719494, 0.050421010411059064, 0.04829058505917689, 0.04642636303831222, 0.0437006009025349, 0.04241753862889093, 0.04126696315267304, 0.041147179120302864, 0.03972896453821206, 0.03884879354088973, 0.03739781564699144, 0.03732735513624521, 0.03578610151232551, 0.03504382358737677, 0.03360001195750879, 0.03441842858430332, 0.03173844440072219, 0.031061894528477664, 0.032325116482928525, 0.029704319099959495, 0.028893189109798947, 0.027697142580479023, 0.026926008652052618, 0.02732174139721704, 0.025702238439900552, 0.024788612545835937, 0.025245904683082875, 0.0236590016292241, 0.023942817896726587, 0.022570791240498017, 0.022616109118660226, 0.0216893162317114, 0.022495403669393368, 0.020724449678457477, 0.020221656339450538, 0.020420870095263274, 0.02007451051951296, 0.01898423659360795, 0.018438447003967257, 0.018119691524512864, 0.01712930792004514, 0.019716028410895828, 0.01786987259035795, 0.018463128482330976, 0.01735421950349607, 0.01655678696843097, 0.015928383075985156]}, "val_loss": {"total": [2.3723015785217285, 2.272639816457575, 2.09565713188865, 2.099545858123086, 1.9079498919573696, 1.901141264221885, 1.7999488332054832, 1.7787997830997815, 1.73948703028939, 1.6981464190916582, 1.6566658453507856, 1.6623103726993909, 1.6550952196121216, 1.5812125639481978, 1.6136551120064475, 1.5213432745500044, 1.5616829720410434, 1.497990532354875, 1.5126295306465842, 1.4974241690202192, 1.4384981827302412, 1.5265832272442905, 1.4927947196093472, 1.463341940533031, 1.4735626524144954, 1.5317464091561057, 1.4675414562225342, 1.495742526921359, 1.451534715565768, 1.4729550101540305, 1.4589084603569724, 1.4874661835757168, 1.4304590008475564, 1.4173284552314065, 1.4748987284573642, 1.428322596983476, 1.4707343144850298, 1.435697230425748, 1.420272632078691, 1.4572197198867798, 1.4272462237964978, 1.460083614696156, 1.4335182254964656, 1.4392456899989734, 1.4596761139956387, 1.4329776655543933, 1.430687579241666, 1.4883665388280696, 1.413431774486195, 1.413536548614502],