{"train_loss": {"total": [1.5740076436150459, 1.3534128990865524, 1.257458390920393, 1.0546477940774732, 0.9900342287555818, 0.9100747781415139, 0.8207505559728991, 0.7635331423051895, 0.7382050212352507, 0.7028267997887827, 0.6618717113810201, 0.6289786619524802, 0.6213841261882935, 0.5903233412292695, 0.5830947979804009, 0.5740387582490522, 0.5485251118579219, 0.5085398291387866, 0.5192492794125311, 0.5020050392035516, 0.470917463062271, 0.4643150619441463, 0.45655381131556727, 0.47790068508155886, 0.44744307057511423, 0.42536752829628605, 0.4325584333269827, 0.4185146077506004, 0.4034648479473206, 0.3832615062594414, 0.3731384878197024, 0.37178694490463504, 0.37775054256762225, 0.3791754496674384, 0.36473327529045846, 0.3685279546245452, 0.3646503959932635, 0.33296859711408616, 0.3308982492935273, 0.3339637126653425, 0.3262923393518694, 0.32024850667484345, 0.31523893028497696, 0.31109801199167003, 0.32833278241657443, 0.2971926523793128, 0.3001671337312268, 0.29123132185589884, 0.2898705908367711, 0.29018822841105923], "classifier": [0.33949429183717694, 0.2867438758332883, 0.28449056388870364, 0.2449668229827958, 0.23328095402929092, 0.22294494867805512, 0.19895722085549947, 0.18368726641600652, 0.18027178228742655, 0.16681082901815253, 0.15952740847884167, 0.14957815564327662, 0.14570613208136732, 0.13984728461251625, 0.1386551752746586, 0.13434834477882232, 0.12645052400447668, 0.12033920711537283, 0.12399844659432288, 0.11438037667483572, 0.1080274107445392, 0.1063348789579205, 0.10508006309880125, 0.10796107931753561, 0.10146228262493687, 0.09202885218265076, 0.09719080452867333, 0.09308849107774515, 0.08994024063370401, 0.08628731818584305, 0.08103104950709929, 0.08138270518674906, 0.08071686069916693, 0.08282128310942602, 0.07844625498363447, 0.08173203966279904, 0.07915114476645906, 0.0709321282293287, 0.06970429066042866, 0.07021757494470465, 0.06871235010875089, 0.06592308231554325, 0.06799390378423155, 0.06237840403374585, 0.0696536480432241, 0.06126655349507928, 0.06071164005871622, 0.05931991064853426, 0.058596698635806056, 0.058961130743245445], "box_reg": [0.2549255929105951, 0.3690905220235788, 0.427396960329685, 0.4090298578864144, 0.36279672237879207, 0.3592319086073868, 0.3268772603403176, 0.3091732276543494, 0.29608324822639265, 0.28869019431332427, 0.2658131074520849, 0.25668595853231607, 0.2542699014167151, 0.23942566124662276, 0.23976300662804034, 0.23424703058816732, 0.2252679633517419, 0.1998812477975603, 0.20615291799749097, 0.20054083509791282, 0.18668373889259754, 0.18219726991148727, 0.17876089294891684, 0.18733907540839526, 0.1753263477716715, 0.1676855826540099, 0.17098160390291484, 0.1632615578420941, 0.15585840002243076, 0.14347960954652197, 0.14009094158367766, 0.13917827176891506, 0.1472537111761349, 0.1457142235035257, 0.14027734933901698, 0.13845042077403877, 0.14193276692962936, 0.12304027517356218, 0.1199264703198306, 0.12240368367563333, 0.11725479437098388, 0.117287801635722, 0.11273545291154616, 0.11526713376384108, 0.12123181113913174, 0.1059592641169025, 0.10732446738008049, 0.10139355442276404, 0.10163150993326019, 0.10369767088803553], "mask": [0.6281050526326702, 0.4869779888660677, 0.3697551325444252, 0.27746323077909407, 0.2727354029013265, 0.23072285133023415, 0.21502843268455998, 0.20540811361805086, 0.20058194735357837, 0.19247130218052094, 0.18532327701968532, 0.17914959793129276, 0.18020357167528522, 0.17243564941229358, 0.16766508240853586, 0.16725707486752542, 0.164483184679862, 0.15622445638141325, 0.15682990873052227, 0.15826556326881533, 0.15148432389382394, 0.14844689273065137, 0.1480327710989983, 0.15658981872181738, 0.14657740895786592, 0.1428753551456236, 0.14291474862444786, 0.14286870317113015, 0.13871227858528015, 0.13577334592419285, 0.1324238010471867, 0.13424259578028033, 0.13332851747831992, 0.13346535152485295, 0.13084313585873572, 0.13005996026819752, 0.128504401301184, 0.1255398124696747, 0.12450231034909526, 0.12612271534819758, 0.12593871362267, 0.12455646251478503, 0.12178513549508586, 0.12103164347429429, 0.12220845109512729, 0.11911028700490152, 0.12085170873230504, 0.12000364911171697, 0.11954202445284012, 0.11754552866182019], "objectness": [0.28836521073695154, 0.15110804412153458, 0.11782863602162369, 0.06810415130138638, 0.07084031448128723, 0.052158728404526386, 0.03675207141955804, 0.02632638733841539, 0.025533763343100285, 0.01989388432794517, 0.01929241784424859, 0.01477497374120679, 0.0126515536250325, 0.011828020647836609, 0.011430210219212665, 0.011417756932895562, 0.009575524755059779, 0.009284998950381358, 0.009012530245508382, 0.008118950639243028, 0.007025903715534256, 0.006959990285935008, 0.0070478989461281024, 0.008856981634016848, 0.005990737472858464, 0.006485402795712411, 0.006423671456145859, 0.005316064225271769, 0.004863023594694941, 0.004950166095847136, 0.005188900875791366, 0.004367300603858424, 0.00432887891723611, 0.004476123763590529, 0.004435419523431319, 0.004154616661182973, 0.004409632052404284, 0.0036095190900068113, 0.004137004734330995, 0.004670824464049093, 0.0033919455935134584, 0.00361831047187978, 0.0034316586589592324, 0.0031851059149278537, 0.003894696483680051, 0.003234754419944722, 0.003056873368440128, 0.003270943151648915, 0.0028363564516703556, 0.0026207823773626345], "rpn_box_reg": [0.06311749218110627, 0.0594924668411559, 0.057987093198819145, 0.05508372939582313, 0.0503808320120668, 0.0450163344370066, 0.04313556815740735, 0.03893814784166733, 0.03573428201498539, 0.03496059161308597, 0.03191549904792825, 0.028789978202398595, 0.028552969728808685, 0.026786724137162956, 0.025581322338632983, 0.026768551817610474, 0.022747914328177896, 0.022809919057157634, 0.023255473286671106, 0.020699309560316785, 0.017696088857736603, 0.020376032284266623, 0.017632182579179624, 0.017153735623874275, 0.01808629146924197, 0.016292333106329968, 0.015047603522238674, 0.01397978962366089, 0.014090905227567419, 0.012771066739421053, 0.014403796511326237, 0.012616073300863895, 0.012122574617833672, 0.01269846678653501, 0.010731115775706712, 0.0141309157223605, 0.010652452444487755, 0.009846864016594003, 0.012628172273522772, 0.01054891628431975, 0.010994534289614333, 0.008862848147867725, 0.009292779128677906, 0.009235723531380627, 0.011344175507861843, 0.007621792581297878, 0.008222444104502492, 0.007243265780573805, 0.00726399979078363, 0.00736311506359984]}, "val_loss": {"total": [2.0677380453456533, 2.085885232145136, 1.8393758210268887, 1.6827742186459629, 1.7190395918759434, 1.5722898786718196, 1.4789931719953364, 1.4385883699763904, 1.4338023662567139, 1.4060081351887097, 1.3847072883085771, 1.3926565105264836, 1.4345599033615806, 1.370192283933813, 1.3224531628868796, 1.3258014863187617, 1.310706615447998, 1.2728925184770064, 1.3420955755493857, 1.3320245146751404, 1.3804456374861978, 1.295864842154763, 1.2838013659824024, 1.3410799232396213, 1.3036807016892866, 1.3547149842435664, 1.332007651979273, 1.3140579949725757, 1.358863424171101, 1.3454602577469565, 1.3623815395615317, 1.362253416668285, 1.328943209214644, 1.3195508881048723, 1.4331756559285251, 1.31200556863438, 1.2475459629839116, 1.377494990825653, 1.3473948511210354, 1.317601669918407, 1.2739345810630105, 1.331671118736267, 1.4789699641141025, 1.3534808429804714, 1.3105883923443882, 1.3143560886383057, 1.355907765301791, 1.3222259933298284, 1.3579783873124556, 1.3142590576952153],