{"train_loss": [0.9594675142031449, 0.6318311710388232, 0.554510158032943, 0.5087307989597321, 0.46249719785574156, 0.43396388128017765, 0.41311974154833037, 0.3833875361925516, 0.37176575798254746, 0.35304033565215576, 0.3376616745805129, 0.3374633443279144, 0.3243589045909735, 0.3146856291553913, 0.30643443629527706, 0.30658114414948684, 0.2897151395296439, 0.28136169146268797, 0.2761656425129145, 0.27079916630799955, 0.2653492762683294, 0.2596139827599892, 0.2614056711586622, 0.2497931508681713, 0.24184659419533533, 0.24015157020244843, 0.23784911871338502, 0.24637395028884596, 0.2384959659897364, 0.23508716928653228, 0.2292758020070883, 0.22840066492939606, 0.227861492202068, 0.2265888726673065, 0.227486930309962, 0.21587694092438772, 0.206891730427742, 0.21435370955329675, 0.20867401867722854, 0.21472614229871675], "validation_loss": [1.1460811495780945, 1.1662973165512085, 1.1377715667088826, 1.1741999884446461, 1.187963217496872, 1.1634056170781453, 1.2936748961607616, 1.1977840463320415, 1.3367551962534587, 1.2018881539503734, 1.1894090572992961, 1.2781898379325867, 1.2042170365651448, 1.167082925637563, 1.254108488559723, 1.3122981488704681, 1.2669590413570404, 1.282161722580592, 1.30749316016833, 1.3302894333998363, 1.4303540190060933, 1.3170998493830364, 1.2760762174924214, 1.3327719966570537, 1.46944663921992, 1.424398809671402, 1.3693421582380931, 1.4040587842464447, 1.476885437965393, 1.2985226114590962, 1.404323657353719, 1.3327580988407135, 1.4186741213003795, 1.5787544051806133, 1.368491530418396, 1.4037132958571117, 1.497489293416341, 1.4057937661806743, 1.50305571158727, 1.3296508590380351], "epoch": [0, 1, 2, 3, 4, 5, 6, 7, 8, 9, 10, 11, 12, 13, 14, 15, 16, 17, 18, 19, 20, 21, 22, 23, 24, 25, 26, 27, 28, 29, 30, 31, 32, 33, 34, 35, 36, 37, 38, 39], "best_val": [[0, 1.1460811495780945], [2, 1.1377715667088826]]}