{"train_loss": {"total": [1.6460368433306294, 1.129077607970084, 0.9212298637436283], "classifier": [0.3982218976463041, 0.24511270575946378, 0.20291446762219553], "box_reg": [0.6329928163454057, 0.5097707024745403, 0.3821488209309116], "mask": [0.3624818528852155, 0.23987349651513562, 0.22048171595219643], "objectness": [0.1864297389623619, 0.0735533348525003, 0.057595126661321806], "rpn_box_reg": [0.06591054331290633, 0.06076736294546149, 0.05808973295711293]}, "val_loss": {"total": [1.8499750765887173, 1.6324806538495151, 1.5182789672504773], "classifier": [0.3780215192924846, 0.31060791692950507, 0.29640264402736316], "box_reg": [0.6941816535863009, 0.5881810134107416, 0.5172774087299], "mask": [0.33813096989284863, 0.3145350204272704, 0.2958305694840171], "objectness": [0.25965162908489053, 0.2381987382065166, 0.23274969631298023], "rpn_box_reg": [0.17998931692405182, 0.18095800246704707, 0.17601865259083835]}, "best_val": {"model_val": [1.8499750765887173, 1.6324806538495151, 1.5182789672504773], "epoch": [1, 2, 3]}}