{"train_loss": {"total": [2.208766931872214, 1.5898829517825956], "classifier": [0.5493020178810243, 0.4100571850615163], "box_reg": [0.6626668002801918, 0.6544846510830065], "mask": [0.5615047564429622, 0.321524086113899], "objectness": [0.3659171799933838, 0.13884713304859977], "rpn_box_reg": [0.06937617805303871, 0.0649699041878076]}, "val_loss": {"total": [2.4895146543329414, 2.1845580231059682], "classifier": [0.5119176398624073, 0.46139614419503644], "box_reg": [0.7693483666940168, 0.7547635436058044], "mask": [0.4794477847489444, 0.4002738459543748], "objectness": [0.5188676261089065, 0.3739216629077088], "rpn_box_reg": [0.20993325046517633, 0.19420280849391763]}, "best_val": {"model_val": [2.4895146543329414, 2.1845580231059682], "epoch": [1, 2]}}