{"train_loss": {"total": [1.7430781402895528, 1.604056167602539, 1.4465781684844725, 1.4944931912806727, 1.4767110515025355, 1.431218699870571, 1.394289368198764, 1.3725405079703177, 1.3411389952705752, 1.2948239616809352, 1.2634762141012377, 1.2297466889504463, 1.1939447395263179, 1.1669293963140057, 1.1435491179266284, 1.1307947306863724, 1.1114456924699967, 1.09335200498181, 1.0833746571694651, 1.0782848160113059, 1.0646689579371482, 1.0387415803247881, 1.0243465980214457, 1.004996096511041, 0.9990412633265219, 0.9728912710182128, 0.9627502028019198, 0.9544944118107519, 0.9419748651404535, 0.9299995909775457, 0.9212373609504392, 0.9158459123103849, 0.8918436119633336, 0.8910718600596151, 0.8731363624334335, 0.8643375589962928, 0.8628289431333542, 0.8497318008253651, 0.8474110502389169, 0.831842773287527, 0.821982327872707, 0.8163075835474076, 0.8082773782553211, 0.7976768003356072, 0.7951482020078167, 0.7833350578623434, 0.7858174317306088, 0.771836101528137, 0.7624150242536298, 0.7580775567600804], "classifier": [0.28275149579971065, 0.23623872209460506, 0.2497312904726113, 0.3191881978704083, 0.31629569900612675, 0.3014706438227046, 0.29106005074516417, 0.28188749001992325, 0.27368709595213014, 0.26094207062476105, 0.2502648113265393, 0.2492555509802074, 0.24738334139148074, 0.24498127631602748, 0.24581040826535994, 0.24604850032276684, 0.2441326758253478, 0.2413277263482732, 0.23996997660686892, 0.23868341396652884, 0.23413789940457191, 0.2342068838856874, 0.2279302628891122, 0.22601076910091986, 0.2237821256321284, 0.21875012059125207, 0.21804796832223092, 0.21533796646662295, 0.21168627778608953, 0.2106608200938471, 0.20780649467581702, 0.20545911931943509, 0.20279193800543585, 0.202941528767828, 0.1991540739493024, 0.19795509033025271, 0.19633119662682857, 0.19433192902755353, 0.19371953072446968, 0.18883270004824285, 0.1904330376175142, 0.18956166051568524, 0.18776357676833869, 0.18745644057710326, 0.18430302442922708, 0.1822186501576535, 0.1816181343409323, 0.18146874188415466, 0.17700498353449567, 0.17485133875762263], "box_reg": [0.06182997989379792, 0.18643828885332397, 0.2905948514667304, 0.4271992318293703, 0.4604539845073422, 0.4740311108866609, 0.4841765336166352, 0.4947110159782648, 0.5032219072190797, 0.5004514274897144, 0.4903382625269343, 0.48341004281725375, 0.47381107767728425, 0.46909916038745114, 0.46398315509600985, 0.46444729191191014, 0.4567373659401651, 0.45284266697783626, 0.4486407969507479, 0.4437518330350999, 0.4438908090033839, 0.43190871890514126, 0.42710033143239634, 0.4196231792050023, 0.41412927497538826, 0.40483969280556326, 0.4001452091600626, 0.39933181691073605, 0.38812527895694776, 0.38648025072630376, 0.3784008108680287, 0.37782853731224614, 0.3643496200201973, 0.36099501034665493, 0.3565816066678493, 0.3512661238952029, 0.3548358428982958, 0.34417846320617584, 0.34553992084918483, 0.336952094361186, 0.33057364886326174, 0.32830053072783255, 0.32585146207242244, 0.3197931416693234, 0.3185916694782434, 0.3128101212122748, 0.3166679488074395, 0.3078682700472493, 0.30625676501902843, 0.30384439965409615], "mask": [0.6547443512947329, 0.5289250344999374, 0.5222402130403826, 0.4878364787947747, 0.4618868218314263, 0.43237055270902575, 0.4084740463764437, 0.39638177819790377, 0.3781547201256598, 0.361911057272265, 0.3615804780875483, 0.34580167118580113, 0.33139482746201177, 0.31993371978882823, 0.3055433745345762, 0.29898146852370233, 0.2932497169702284, 0.2860122159604103, 0.2872472965909589, 0.2891231245571567, 0.28285568269991107, 0.2715116470090805, 0.27126159293036306, 0.2648317948464424, 0.2656811421917331, 0.2572144737647426, 0.25495595086005424, 0.2515308132094722, 0.25494359770128805, 0.24845440685749054, 0.2500150880505962, 0.24886412380203124, 0.24246127682347451, 0.24537218068876573, 0.23868717575265516, 0.23648566137398444, 0.23618281118331416, 0.2354591721007901, 0.23284579313570453, 0.23259109503799869, 0.22860183513933613, 0.22760373901936315, 0.22514209598302842, 0.22228694471620744, 0.22309185915416288, 0.22080822659115637, 0.22210321613857822, 0.2181051902713314, 0.21539094630748995, 0.21423724091822102], "objectness": [0.6793632207378264, 0.5886087925203385, 0.3203020270312986, 0.19718934808286928, 0.17610988327932933, 0.1623532773025574, 0.15048945974558592, 0.14063526162457082, 0.12834004039365438, 0.11525791626303426, 0.10649895849487474, 0.09823275407956493, 0.08945576635099227, 0.08223308006962461, 0.07874812282802117, 0.07323373998515308, 0.07015558974066329, 0.06686304393675058, 0.0621264026965946, 0.06177478015437842, 0.05959250088330478, 0.057689354896184895, 0.05521633752711838, 0.05214261897584243, 0.0538050681923426, 0.050910301965421005, 0.048756533446947053, 0.047919299018629374, 0.04747626080793599, 0.04482284839895945, 0.045874592215348516, 0.0447142050838128, 0.043891697524926596, 0.04377424178622483, 0.04079978930455963, 0.04138472425120492, 0.03837597021258496, 0.038957047600096335, 0.03895167057823029, 0.037195269091265096, 0.036517634301168486, 0.03538686744530775, 0.03427453789326753, 0.03342367065047109, 0.03481468883973937, 0.03307082266865989, 0.03134963998726885, 0.030778818967049912, 0.030476225504178493, 0.03202046223426981], "rpn_box_reg": [0.06438909807287517, 0.06384532743944757, 0.06370978301462357, 0.06307993553139479, 0.06196466816191171, 0.06099310684949159, 0.06008928005110412, 0.05892495709253595, 0.05773522346994028, 0.056261479714322056, 0.054793704945346224, 0.05304666495517708, 0.0518997204681528, 0.05068216240709467, 0.04946406348683541, 0.04808373500700033, 0.04717034760922674, 0.04630635090786288, 0.045390176942436807, 0.04495166455162689, 0.0441920685007297, 0.04342497221941519, 0.04283807518621606, 0.04238773895598452, 0.04164365766609403, 0.041176680283388126, 0.040844539580857306, 0.04037451180352476, 0.03974344939122074, 0.03958126403928374, 0.039140378399409405, 0.038979931041878094, 0.038349078738340925, 0.03798889684051485, 0.037913717910452116, 0.037245963563327676, 0.03710311736433669, 0.03680519653904823, 0.03635412668677858, 0.03627161850886149, 0.0358561708882682, 0.03545477917768069, 0.035245704828459214, 0.03471660152830619, 0.03434696317788386, 0.03442723877477317, 0.03407849411037938, 0.03361508161202261, 0.0332861095114382, 0.03312411736678182]}, "val_loss": {"total": [2.1600771600549873, 2.093789501623674, 2.292584625157443, 2.3113126971504907, 2.2104728005149146, 2.1868952295996924, 2.149880961938338, 2.1232515465129507, 2.0928042151711206, 2.0991687232797798, 2.010404510931535, 2.02147516337308, 1.9999320832165806, 1.985335198315707, 1.9492489858107134, 1.9383142536336726, 1.9320932626724243, 1.927860899405046, 1.9341918446800925, 1.8903136578473179, 1.89143921028484, 1.8441576957702637, 1.8521947210485286, 1.8692214597355237, 1.798156586560336, 1.8462150422009556, 1.7710927399722012, 1.7679996707222678, 1.7567641843448987, 1.7335104508833452, 1.7129219987175681, 1.716139088977467, 1.7071142955259844, 1.6837349371476606, 1.686219876462763, 1.6817371628501199, 1.6842547871849753, 1.6620147770101374, 1.7115327553315596, 1.635099085894498, 1.647525592283769, 1.627187891439958, 1.628124789758162, 1.5982036048715764, 1.6268420869653875, 1.5939736366271973, 1.574030171741139, 1.5856954726305874, 1.6106135194951838, 1.5671742395921187],