{"train_loss": {"total": [1.028765301838998, 0.6718428481009698, 0.5943773741683652, 0.5419975898919567, 0.5194341740300579, 0.4900305745101744, 0.46475434312897346, 0.44577463471120404, 0.42556964769478767, 0.4156334858267538, 0.39960246595644183, 0.38360389485474555, 0.37719279667062144, 0.36382881104946135, 0.35788452514717656, 0.3421560093279808, 0.3390355178425389, 0.3253777463589945, 0.32079903675663857, 0.3206308957549833], "classifier": [0.22401615896772953, 0.15155373666315308, 0.1350886875282853, 0.12244697921578923, 0.11501393195602201, 0.10605084944756761, 0.09740731610706256, 0.0942789058561527, 0.08758284276832015, 0.08471930741723026, 0.07999501262581156, 0.07804762305872094, 0.07620759085722027, 0.07160952337566884, 0.06993792525702908, 0.06474147623615159, 0.0641770772515766, 0.05990784073609018, 0.05915023186995137, 0.059470414846474605], "box_reg": [0.4016952968292659, 0.25977217579080214, 0.2283767019428553, 0.206735647289503, 0.19819560023325106, 0.1868622060925249, 0.1739000106230378, 0.16517770638869655, 0.15675872819678438, 0.1515969538039738, 0.14426729813097947, 0.1354336700312072, 0.13249566394895795, 0.12724382530357087, 0.12516857829665945, 0.11744749861799421, 0.11561426622492652, 0.1089567982291262, 0.10799467652255008, 0.10737115560820507], "mask": [0.24447603206480703, 0.1850911581708539, 0.17299665606790973, 0.1630614673899066, 0.1599517100280331, 0.15491818131939059, 0.15433443996214097, 0.14994229885839647, 0.14771956618755094, 0.1450206172081732, 0.14295482736441398, 0.14031293411408702, 0.1396947843413199, 0.1381952757316251, 0.13768964030088918, 0.13492978729547994, 0.13386418848268447, 0.1330298525671805, 0.13093367243005383, 0.13080831107593352], "objectness": [0.09772295615703408, 0.025785009491617883, 0.017974745047244903, 0.012812251442688473, 0.010947746057448263, 0.009636828439808244, 0.008783803979578455, 0.0074759790053488566, 0.006461741763703157, 0.006130828592423284, 0.0059773177027167435, 0.005092807842890667, 0.004604265602533668, 0.004726945671549284, 0.003968740920964269, 0.0035774581271388957, 0.004181498535628282, 0.0035772463808921057, 0.003332604417312635, 0.0035840425671421466], "rpn_box_reg": [0.060854861555051154, 0.04964076249838869, 0.03994058254127947, 0.036941241212081234, 0.03532518568759007, 0.03256251188914546, 0.03032877255555509, 0.028899745928415103, 0.027046768751038584, 0.028165780649873517, 0.026408009234071342, 0.02471686151389628, 0.02419049192367604, 0.0220532382597852, 0.021119639686144037, 0.02145978703459062, 0.02119848781367182, 0.01990601021297475, 0.01938785198358199, 0.019396972085304432]}, "val_loss": {"total": [1.2973241264169866, 1.195512679490176, 1.1720461737025867, 1.1952777179804714, 1.1470759565179998, 1.2552528110417454, 1.2239141193303196, 1.2829013087532737, 1.2730485525998203, 1.2818997231396763, 1.2330026518214832, 1.221148127859289, 1.2739129933443936, 1.3045947605913335, 1.3232293074781245, 1.3363985419273376, 1.2974510951475664, 1.380913788622076, 1.37034780328924, 1.387782167304646], "classifier": [0.2827428498051383, 0.25819921493530273, 0.2539701366966421, 0.252718911929564, 0.25185720893469726, 0.25107250023971905, 0.2552812234921889, 0.245688488537615, 0.27414399114522064, 0.2574574432589791, 0.26186483150178735, 0.26418406448581, 0.2630754885348407, 0.28036196529865265, 0.26697914844209497, 0.2622170800512487, 0.26962377537380566, 0.26046823236075317, 0.2971356592395089, 0.2775506770068949], "box_reg": [0.46413758397102356, 0.43195138465274463, 0.42805036902427673, 0.3989651609550823, 0.4062827229499817, 0.4149756241928447, 0.4030336846004833, 0.41416120529174805, 0.40641390735452826, 0.41906392032449896, 0.38728791746226227, 0.402786604382775, 0.3957982740618966, 0.4076265909455039, 0.40414644371379504, 0.40000010349533777, 0.39822693304582074, 0.3929243169047616, 0.4103451127355749, 0.39222385666587134], "mask": [0.26425469463521783, 0.24621670760891654, 0.24483904242515564, 0.2364782840013504, 0.2377302497625351, 0.23876951363953677, 0.2381789575923573, 0.22830359908667477, 0.23889554766091434, 0.24132909016175705, 0.2317040508443659, 0.22836896235292609, 0.23983139883388171, 0.23455266925421628, 0.23178000612692398, 0.2366526262326674, 0.23643504489551892, 0.23859398744323038, 0.2379267757589167, 0.23496107215231116], "objectness": [0.11108045957305214, 0.11427624574439092, 0.11120600744404575, 0.1697507082399997, 0.13664532706818797, 0.21729820045981219, 0.20399326500906187, 0.2597654028372331, 0.22164846186272122, 0.23129179193214935, 0.22897394661876289, 0.2065225700763139, 0.24960855157537895, 0.25979229689321737, 0.2858665439892899, 0.2982572875916958, 0.26617098904468794, 0.3475158634510907, 0.2941629509018226, 0.3399077924815091], "rpn_box_reg": [0.17510852962732315, 0.14486911046234044, 0.13398058847947555, 0.13736467571421104, 0.11456044593995268, 0.13313697176900777, 0.1234269721264189, 0.1349826336584308, 0.13194665109569376, 0.13275744528933006, 0.12317189608107913, 0.1192859448492527, 0.12559924782677132, 0.12226124649698084, 0.13445712490515274, 0.1392714577642354, 0.1269943764941259, 0.14141139320351861, 0.13077728958292442, 0.14313875274224716]}, "best_val": {"model_val": [1.2973241264169866, 1.195512679490176, 1.1720461737025867, 1.1470759565179998], "epoch": [1, 2, 3, 5]}}