{"train_loss": [0.9658868870674036, 0.633437359562287, 0.5642973761527966, 0.5120233648862594, 0.4874076518492821, 0.4468349340634468, 0.4299445410187428, 0.39660544273180837, 0.37024100258564335, 0.3637304174212309, 0.35297845017451507, 0.34376928391746986, 0.3437692941381381, 0.31904194962519866, 0.3031915659323717, 0.2978552111830467, 0.2998893091884943, 0.2870859805590067, 0.28651191962835115, 0.278815866758426, 0.27754668776805586, 0.2607195583673624, 0.26224434413971043, 0.26855920064143646, 0.2576533895081434, 0.24977175518870354, 0.25013405332962674, 0.23818628327586713, 0.23187354531807777, 0.2404455452775344, 0.2300731190122091, 0.23459990609150666, 0.23869019784988502, 0.2244676482410003, 0.23143926062262976, 0.2260610039990682, 0.22311046251501793, 0.2231038358922188, 0.2164846919476986, 0.2145833083643363], "validation_loss": [1.1552326679229736, 1.1574920912583668, 1.0928350587685902, 1.1909550627072651, 1.1075112024943035, 1.1745608448982239, 1.2452609936396282, 1.2163003385066986, 1.313036362330119, 1.1777022182941437, 1.2480720678965251, 1.3148803114891052, 1.153738687435786, 1.3534222344557445, 1.2462610999743144, 1.2603228092193604, 1.358023504416148, 1.3147352238496144, 1.3438772062460582, 1.3796444535255432, 1.4405982096989949, 1.4401806592941284, 1.3833693663279216, 1.2931245565414429, 1.42704110344251, 1.3004340132077534, 1.3165258169174194, 1.4485215644041698, 1.4851720333099365, 1.4588703711827595, 1.438796877861023, 1.4210249086221058, 1.3991199433803558, 1.4832008481025696, 1.384200930595398, 1.4599338571230571, 1.6452983816464741, 1.4399420420328777, 1.625362515449524, 1.3595820566018422], "epoch": [0, 1, 2, 3, 4, 5, 6, 7, 8, 9, 10, 11, 12, 13, 14, 15, 16, 17, 18, 19, 20, 21, 22, 23, 24, 25, 26, 27, 28, 29, 30, 31, 32, 33, 34, 35, 36, 37, 38, 39], "best_val": [[0, 1.1552326679229736], [2, 1.0928350587685902]]}