{"train_loss": {"total": [1.2892254931311453, 0.7870324050226519, 0.6860114396579804, 0.6201300425875571, 0.5565251268686787, 0.5583865473347326, 0.5075144697581568, 0.4811352789402008, 0.4490285016355976, 0.43945593180194975, 0.4155405551675827, 0.39430109320148343, 0.3854008166540054, 0.3767324691337924, 0.34824069925854284, 0.35276476961951103, 0.34233206923930876, 0.32309671885544256, 0.3214712367423119, 0.34358248326086227, 0.31307329597973055, 0.3137271860914846, 0.30345954452791524, 0.30572380087068, 0.2961369148665859, 0.28385832679848516, 0.2986258856711849, 0.2825843030406583, 0.28527864068746567, 0.283113001190847, 0.27871234498677716, 0.27095916463482767, 0.27263804938524, 0.26777688452313025, 0.26523809202255744, 0.26599359670954364, 0.27551701539947143, 0.2689344030714804, 0.2665899074366016, 0.2542462667630565, 0.2786684480405623, 0.2757720972741804, 0.2643514697109499, 0.24955389417948262, 0.25589478285081924, 0.24900383771427215, 0.2539143458970131, 0.26116019405664936, 0.24719461053609848, 0.24444655804864823], "classifier": [0.2688314915184052, 0.16955725696959323, 0.14653090475307357, 0.1311679583223116, 0.11244900344961113, 0.10811974492164389, 0.0961985393998123, 0.09409498594280692, 0.08689504631404435, 0.08186131633908278, 0.07475633832716173, 0.06805277478791052, 0.0692570731284157, 0.06939013620177584, 0.0620525335172011, 0.060759461288070006, 0.05911889318076353, 0.052492752220601804, 0.05248356041077885, 0.05622632048663593, 0.0513849944852653, 0.05142201810264058, 0.05118396205587253, 0.048247731663286685, 0.04808392826948435, 0.046151679963053714, 0.047165251804155206, 0.042788610209320344, 0.04581991001633146, 0.04490690436965275, 0.046611675465359326, 0.042724756835659426, 0.04257455337191782, 0.042111709275312964, 0.04307040132679826, 0.04243547329453812, 0.04257934256607006, 0.044092620367695005, 0.04155286972020422, 0.04003670658285339, 0.044560352124033434, 0.04674332758051253, 0.043301771871084645, 0.03926826898654502, 0.040413913923135446, 0.03870910719007013, 0.03878828922827398, 0.04204010386470585, 0.03849658813297508, 0.038721811911466744], "box_reg": [0.382705594734439, 0.28594276035024274, 0.26481567465009226, 0.2404326453083946, 0.2193817348970521, 0.2114538209933427, 0.19607903456255313, 0.1885578579599819, 0.17354233511272937, 0.1718435637292362, 0.1571614366265074, 0.1477484054683197, 0.14273965370751196, 0.13990893393394446, 0.12738407564259344, 0.13318385111708794, 0.12794398235818072, 0.11788613743359043, 0.11771282460540533, 0.12647487368554838, 0.1111967956467021, 0.109530329031329, 0.10326402945624244, 0.11168498042370043, 0.10107406444487071, 0.09550089879081615, 0.10792408997132893, 0.10053480257310214, 0.09991449818856293, 0.09980657400503273, 0.09516236878210499, 0.09110705463155623, 0.09427205551295512, 0.0898035413074878, 0.0905227540841987, 0.08824783764899738, 0.09537045538665787, 0.08966539177082239, 0.0910234234506084, 0.08415616888913416, 0.09649317665926872, 0.09170596571939607, 0.08797276146529663, 0.08283730654887134, 0.08745369917803233, 0.07895513963434965, 0.0853251012643018, 0.08057186891955714, 0.08087973205613032, 0.07441410154344574], "mask": [0.3405771948637501, 0.19419645585360065, 0.1775537771563376, 0.1646513670682907, 0.15566988640254545, 0.147936280552418, 0.14708420636673128, 0.14222113807355205, 0.14047543430520643, 0.13818530824876601, 0.13433952336349794, 0.1325428077290135, 0.130438049810548, 0.13066679527682643, 0.12581366473628627, 0.12475688301267163, 0.12182438142838016, 0.12038942815796022, 0.11914200410246849, 0.12185670010024502, 0.11876388230631428, 0.12090202932876926, 0.11805232938739561, 0.11722136353773456, 0.11522106218241876, 0.11269891891748675, 0.11450575191167094, 0.1140275850171043, 0.11433774011750375, 0.11264598645990895, 0.1118656445174448, 0.11034879263850951, 0.11117787779338899, 0.1109900303184986, 0.10932966665394844, 0.10863092570535599, 0.10779971492386634, 0.11169450900727702, 0.11089842016658476, 0.10898181416334644, 0.11142351149070648, 0.11231030309873243, 0.1082735325780607, 0.10619431111601091, 0.10521299495331703, 0.10604292887353128, 0.10648970005493011, 0.10595538464765394, 0.10629281562662894, 0.1070971874219756], "objectness": [0.18612302314910678, 0.06387904068875698, 0.0357755512529571, 0.024528852693929952, 0.016817575737842427, 0.026106671190439468, 0.018330809425547597, 0.012377159405913253, 0.011262358752203234, 0.008819745921655632, 0.009926973239588176, 0.0075455321634851115, 0.007986664543944156, 0.006011415638098579, 0.0055208107424585895, 0.0053664590206256345, 0.005547805716771343, 0.004775992507617751, 0.0041056047213773594, 0.005110378537985173, 0.00484298182871557, 0.004082213455178369, 0.0047412758977330785, 0.004508811632114239, 0.0050969629236328, 0.003999422530027767, 0.003780422733888695, 0.0034386765269206784, 0.0033790706768242317, 0.00432543648332226, 0.0033866921653938216, 0.0034633470592164103, 0.0032021818030414343, 0.003244058485230902, 0.0033099181063481675, 0.003917625141953214, 0.004234829006893579, 0.003593246565968354, 0.0030878173053121914, 0.00292329480774741, 0.0050031201135777425, 0.0051313159330968645, 0.004172666475302145, 0.003054147572097023, 0.0030040770571260157, 0.002856799100446815, 0.002645131916729189, 0.004857928542544194, 0.002972405053608987, 0.00553464980748099], "rpn_box_reg": [0.11098818738246337, 0.07345688832217767, 0.061335530280766465, 0.059349222244852555, 0.052206925921622786, 0.06477002871303533, 0.04982188355371041, 0.04388413563560349, 0.036853327431280405, 0.0387459964023888, 0.039356282955850475, 0.0384115708964659, 0.03497937748144332, 0.0307551872879201, 0.027469614788752816, 0.02869811621472294, 0.027897008682221867, 0.02755240720186022, 0.028027243364199567, 0.03391420826852892, 0.02688464069013266, 0.02779059549849931, 0.026217948676147046, 0.024060912426531075, 0.026660896720122472, 0.025507407139511704, 0.025250368802129917, 0.021794628458408096, 0.021827420146491344, 0.021428101367717084, 0.021685964464925364, 0.023315215426813547, 0.02141137975775036, 0.02162754438857871, 0.019005352397735188, 0.022761734929912153, 0.025532674785544288, 0.019888635202134478, 0.020027376281793675, 0.018148280328821254, 0.02118828687464796, 0.019881185149865963, 0.020630736837671478, 0.018199859129280443, 0.019810097483376365, 0.022439864951546394, 0.020666123416031627, 0.02773490755512138, 0.018553069537935493, 0.018678808263622716]}, "val_loss": {"total": [1.4981707334518433, 1.3566210324114019, 1.2457292675971985, 1.2203918316147544, 1.3072608600963245, 1.1239537000656128, 1.1845343979922207, 1.3280283375219866, 1.1972099976106123, 1.233248856934634, 1.2905020117759705, 1.441360663283955, 1.3673042058944702, 1.4130035584623164, 1.5570479956540195, 1.3941444050181995, 1.4976750070398503, 1.4668668183413418, 1.411275175484744, 1.4346242330291055, 1.4698655876246365, 1.6031858704306863, 1.541835611516779, 1.4008710005066611, 1.4197283387184143, 1.5129282420331782, 1.4304655140096492, 1.4355705055323513, 1.5338486541401257, 1.5422628413547168, 1.4018630981445312, 1.5907671018080278, 1.412706651470878, 1.4622375152327798, 1.4929092526435852, 1.4953011274337769, 1.4869846213947644, 1.6805361021648755, 1.600299510088834, 1.6548039804805408, 1.5213634751059792, 1.8128937807950107, 1.4340029033747586, 1.4878861904144287, 1.511094337159937, 1.495806097984314, 1.5148934396830471, 1.5138481963764538, 1.5700462785634128, 1.5647888021035627],