{"train_loss": {"total": [2.2056458380914505, 1.5923211501490686, 1.456081421144547, 1.36322790788066, 1.2884167588526203, 1.220774620194589, 1.1543927798348088, 1.0983376064608175, 1.0435246850213697, 0.9996615815547205, 0.9598735809326172, 0.9190484505507254, 0.892648438292165, 0.8736477254859862, 0.8530208155993493, 0.8376945310061977, 0.8181744881214634, 0.8140583881447392, 0.8021176606416702, 0.7850745711595781, 0.7777310734794985, 0.7659320615953015, 0.7608662066921111, 0.7541284937051035, 0.7451178585329363, 0.7410922762847716, 0.730331503960394, 0.7274277439040523, 0.7206299378025917, 0.7220010204661277, 0.7142545313604416, 0.7115199534162399, 0.7024957410750851, 0.7006242954923261, 0.6952991100088243, 0.6986223709198737, 0.686695096281267, 0.6826589244027291, 0.6785964327473795, 0.6762480779040244, 0.6720172449465721, 0.670425390716522, 0.6659250984268804, 0.6620816816245356, 0.6594706201745618, 0.6580473796975228, 0.6516830662565847, 0.6473971519739398, 0.6480253649334754, 0.6493567542683694], "classifier": [0.5492967057612634, 0.4095725461359947, 0.36031701747448214, 0.3249869293743564, 0.29615972652550665, 0.2742762916991788, 0.25370963879169955, 0.23930787434501033, 0.22438731693452404, 0.21704405642324878, 0.2092103278204318, 0.20316458493471146, 0.19872189459781492, 0.1958168335499302, 0.1907773288988298, 0.18812011727882968, 0.18516297864337122, 0.18353187860019746, 0.18213260345641644, 0.18103182558571138, 0.1761086439052897, 0.17611962666194286, 0.17328191055886208, 0.1733937234767983, 0.17154422238949807, 0.17005654279022447, 0.16861181903269984, 0.16802309405419133, 0.16501666086335337, 0.16707203448299437, 0.16554590700374497, 0.16515834660780046, 0.1629933687467729, 0.16256375143364551, 0.16008206632348798, 0.1619673138904956, 0.15862878056303148, 0.15790505745718555, 0.1586101261117766, 0.15833618882442674, 0.1565727849641154, 0.15469176351062713, 0.156219453424696, 0.1559032615274191, 0.15434814982356565, 0.15245699596501167, 0.15192837957893648, 0.1502303805082075, 0.15233679602463399, 0.1504169504128156], "box_reg": [0.6592426235164185, 0.6549067037645727, 0.6357067722466684, 0.6098410241065487, 0.5869581703697482, 0.5594008732466929, 0.5280355545782274, 0.4982932069609242, 0.4664877365673742, 0.4365703369100248, 0.41017486147822874, 0.38458739670534287, 0.3664381259631726, 0.35453971775789417, 0.3415838655204542, 0.33339342647983183, 0.3253029816333325, 0.3211948605314378, 0.3144090520638612, 0.30712968613351543, 0.3037586814934208, 0.29992309821949853, 0.2972532220905827, 0.2918928719816669, 0.2891003192312294, 0.28759445701875996, 0.28225486104286485, 0.28211509049419436, 0.27905158912462574, 0.278217405032727, 0.276419097581698, 0.27544550838009, 0.2708240376124459, 0.27051653548354104, 0.26880599418955464, 0.2685537484624693, 0.2651486973849035, 0.26260273805068385, 0.26057830163307727, 0.25995128559729747, 0.2583489992926198, 0.2589381181785176, 0.254965095444312, 0.25361858353980127, 0.2540126365339083, 0.2524794595616479, 0.2514839608763014, 0.24835635657993055, 0.24723177064330348, 0.24859602176133663], "mask": [0.5621999394509101, 0.3224598655777593, 0.28651779217104756, 0.2675812514558915, 0.2538804108096707, 0.24778022078737136, 0.24259871100225755, 0.23645606290909552, 0.2313625920684107, 0.22910988018397363, 0.2250860449767882, 0.2217720224972694, 0.21996177482989526, 0.2189737255534818, 0.21665309811792066, 0.2135511139227498, 0.21104389419478756, 0.21016513801390124, 0.20952082132139513, 0.20605350348257248, 0.20495520950325075, 0.20330752278527905, 0.203157256303295, 0.20083699279254483, 0.19898191978854518, 0.19951451233317774, 0.19737108662243813, 0.19715993635116086, 0.19638999815910094, 0.19656852892329615, 0.19584350821471982, 0.19394756954523826, 0.1922092968417752, 0.19288854964317814, 0.19071062985927828, 0.19255470196085592, 0.1900065085580272, 0.18968009967957775, 0.18899885089166701, 0.18811427124084965, 0.18794937710608206, 0.18865315544028435, 0.18740217810676943, 0.18685067680574233, 0.1860687186641078, 0.18630530858232128, 0.1841779133965892, 0.18372167877612575, 0.18406555493993143, 0.18457230300672592], "objectness": [0.36558688778520354, 0.13943492645968594, 0.10931519059945018, 0.09697511453301676, 0.08844115810108281, 0.07912509581074119, 0.07005631647583457, 0.06488635501253509, 0.060494510234603956, 0.058112318528395504, 0.05669083932504779, 0.05108572614769782, 0.04982946634953541, 0.04694264839636162, 0.04621086267063454, 0.04630229023525551, 0.040946325058147555, 0.042153612221591176, 0.04127002602082587, 0.037551307105158846, 0.037989785732145634, 0.03462617398622716, 0.034346052790961916, 0.034750292891441215, 0.03249297725645104, 0.03244632648176424, 0.031058092245967277, 0.029006011647007036, 0.028197297672816223, 0.029046418223785418, 0.026535262288375487, 0.028461559434917065, 0.028335911854200306, 0.026455975671096015, 0.0269010810206847, 0.027023540378450565, 0.0247529505875953, 0.025072612547909, 0.023257942021178504, 0.02397659539278867, 0.022985923587862823, 0.022209202961699526, 0.021977569105389016, 0.021155387821565983, 0.02044806338155702, 0.022027145873007907, 0.019956504994808066, 0.020734996156628063, 0.021054090538264944, 0.021920216254394262], "rpn_box_reg": [0.06931967570722448, 0.06594712133847944, 0.06422465334199519, 0.06384358697415014, 0.0629773000475853, 0.06019213879349521, 0.05999255755821416, 0.05939410638811457, 0.06079253500248606, 0.05882498744598002, 0.058711504912970405, 0.05843872531496022, 0.057697177282393715, 0.057374798189865094, 0.0577956602567405, 0.05632758622434208, 0.055718305385990756, 0.05701289917977251, 0.05478515658198317, 0.05330825267390009, 0.05491875676317807, 0.05195564123884739, 0.05282776599338949, 0.0532546161891655, 0.05299841713270824, 0.051480433647004484, 0.05103564613214515, 0.0511236046545814, 0.05197438906006057, 0.051096632091737836, 0.049910753586957596, 0.048506969709095786, 0.0481331272580475, 0.04819948252003204, 0.048799341517118476, 0.04852306026253744, 0.04815816355159416, 0.047398414470104226, 0.04715121253947502, 0.04586974251930857, 0.04616015710602252, 0.04593315505969053, 0.04536080322859268, 0.04455377006585965, 0.04459305351741815, 0.044778468400745036, 0.04413631143622972, 0.04435374079170757, 0.043337160172344624, 0.04385126515788274]}, "val_loss": {"total": [2.4228609150106255, 2.152827089483088, 1.9944120970639316, 1.9670560901815242, 1.8497455770319158, 1.8370941335504705, 1.756435296752236, 1.7266975857994773, 1.6608542203903198, 1.626491665840149, 1.635334697636691, 1.5895217223600908, 1.576227155598727, 1.5972473621368408, 1.5078701160170815, 1.532589403065768, 1.4997732422568582, 1.4759512922980569, 1.4622771631587634, 1.4490818598053672, 1.479107217355208, 1.4442426291379062, 1.4330828514966099, 1.4359532703052869, 1.434551629153165, 1.418257236480713, 1.3815866004336963, 1.4232655275951733, 1.4201455441388218, 1.3947224020957947, 1.4125468243252148, 1.3955902023748918, 1.406822833147916, 1.404205560684204, 1.3834248456087979, 1.4101279161193154, 1.3726252696730874, 1.370150712403384, 1.3786976283246821, 1.3536808057264849, 1.3054164106195623, 1.348413434895602, 1.3818572001023726, 1.3529882051727988, 1.3838034218007869, 1.3327216668562456, 1.3597506013783542, 1.366311246698553, 1.3700054396282544, 1.324919337576086],