{"train_loss": {"total": [2.207750572312263, 1.589731054536758, 1.4478052296946127, 1.3624531080645899, 1.2847167628426706, 1.2180668227134213, 1.15996299924389, 1.0939017315064707, 1.052227186195312, 1.0021849989891052, 0.9602937381113729, 0.920610741646059, 0.8970310238099868, 0.8702005781473652, 0.8540288182035569, 0.8340638426042373, 0.8215403850040128, 0.8067221384856009, 0.7969077365052315, 0.7880281400295996, 0.782119292982163, 0.7718736110195037, 0.7575515180826187, 0.7534602950657567, 0.7525984745833182, 0.739008970318302, 0.732905712916005, 0.7269339156727637, 0.7226224483982209, 0.7199544211549144, 0.716008119525448, 0.7154181686139875, 0.6998131380927178, 0.6991337357990204, 0.6917560409153661, 0.6921641479576788, 0.6854014119794292, 0.687391534832216, 0.672819136996423, 0.6749026790741951], "classifier": [0.5493506899764461, 0.40889514155926243, 0.3600945795736005, 0.32425734708386084, 0.29516709913169187, 0.2727111273715573, 0.25539006835991335, 0.23725446328040092, 0.2271684156310174, 0.2175706361570666, 0.2097715422030418, 0.20206834056204365, 0.2000335473687418, 0.19486970605869447, 0.1914814868521306, 0.18916540845267235, 0.18732780261385826, 0.18253509623389091, 0.18030686753411446, 0.17909171350540654, 0.17846996757772662, 0.17729657356056475, 0.17388560324907304, 0.17056699835004346, 0.1734052946250285, 0.17057184379908347, 0.16864895574267832, 0.1668347814150395, 0.16472411042740268, 0.16588615978196744, 0.1638663301785146, 0.16619920877199018, 0.1611418297814746, 0.1624337031956642, 0.16050420623392828, 0.16080055906166954, 0.1587630480768219, 0.16106107796151792, 0.1550390281984883, 0.15620072047796943], "box_reg": [0.6612051284233589, 0.6548017159449838, 0.6320347498020819, 0.6135972577958337, 0.5842988135833894, 0.5608123033998474, 0.5283302104040499, 0.49613477436284864, 0.467006039835753, 0.4361642217443835, 0.40840022681701565, 0.3847055400331174, 0.3679158117021284, 0.3521893218400017, 0.34140993652324525, 0.3321301785207564, 0.32563421904079376, 0.3168864958709286, 0.31316604179240043, 0.30784845623758533, 0.3050962719465456, 0.3011053666111923, 0.2955237252096976, 0.29378580350068306, 0.2917856352223504, 0.28616891231748365, 0.2823420467395936, 0.2824824425722322, 0.2804701757767508, 0.2773841936021082, 0.27756466179365114, 0.27651328555037896, 0.2700178853566608, 0.2714981583577971, 0.2661752083729352, 0.26738255581548137, 0.26456430321258884, 0.2641434873784742, 0.26123227138192423, 0.2607542368072656], "mask": [0.5625284046896042, 0.3227583562174151, 0.28545341145607733, 0.2668859177058743, 0.25463493932639397, 0.24718214609930592, 0.24420355048871809, 0.23459671663661158, 0.23372198963357557, 0.22832195927058496, 0.22610023189936915, 0.22340779910164496, 0.22019762680415184, 0.21886482349326533, 0.21526567931136778, 0.2123308620145244, 0.21132442316701336, 0.20861727902966162, 0.20885843384650446, 0.2063611605475026, 0.20471987628167676, 0.20335214464895188, 0.2024961587882811, 0.20229086611540087, 0.20109449774026872, 0.19947571797717, 0.19777155311838274, 0.19762655996507214, 0.1961614437641636, 0.1953494284422167, 0.19482291941681215, 0.1951034499752906, 0.19281404028015753, 0.19182218755445174, 0.19098992419819677, 0.18994096863654353, 0.18980113960081532, 0.1898698232827648, 0.1876365047789389, 0.18824065644894877], "objectness": [0.3654453987781439, 0.13780846417310738, 0.10611221665937093, 0.09399289841192865, 0.08819749444242447, 0.07620580864229029, 0.07081843043617424, 0.06502735651278448, 0.06344549451398873, 0.06183508120387072, 0.058439710118146915, 0.052032882218519524, 0.05059709291334354, 0.04763317168540051, 0.04749994744666882, 0.044520555678454615, 0.042741627937122696, 0.0420262799207722, 0.03980742510137779, 0.03910556404265545, 0.038118821439979175, 0.03731257715412686, 0.033194202919783554, 0.03409962366004625, 0.03361104901113938, 0.030842182274922848, 0.03155670472826328, 0.028949804472616844, 0.030404314691681537, 0.030311541563470757, 0.028994051506742835, 0.0273504693260146, 0.027356020875853457, 0.025423973200151755, 0.026157868098873164, 0.024791381882143117, 0.025690259739818547, 0.02475903987604749, 0.02293771922010027, 0.023409660431301042], "rpn_box_reg": [0.06922095006964575, 0.06546736380560399, 0.06411027846503027, 0.06371969172455025, 0.062418411044833894, 0.061155432958771745, 0.061220727441409946, 0.06088842167575363, 0.06088524398641781, 0.05829310236582504, 0.05758202649939771, 0.0583961771231477, 0.05828693504055639, 0.05664355499793601, 0.058371765403840516, 0.055916839345997185, 0.05451231592272844, 0.056656984698225464, 0.054768962796398195, 0.05562124255473816, 0.055714358740677254, 0.05280694448048316, 0.052451829033065396, 0.05271700774556525, 0.052701998737017766, 0.051950312641600896, 0.05258645805200016, 0.05104032424135385, 0.05086240903340607, 0.05102309510477954, 0.050760160944065, 0.05025175503511902, 0.048483365131969255, 0.047955712110307365, 0.047928832408257634, 0.04924868532062617, 0.04658266100487972, 0.04755810890529838, 0.04597361610114251, 0.046297406053664385]}, "val_loss": {"total": [2.4365457621487705, 2.101754752072421, 2.052462339401245, 1.941142905842174, 1.8329194675792346, 1.7911623391238125, 1.775714798407121, 1.7223039106889204, 1.7183824885975232, 1.6468554626811633, 1.639331741766496, 1.5281520323319868, 1.5474652268669822, 1.588549548929388, 1.5329648689790205, 1.4893115542151711, 1.471304335377433, 1.5250270366668701, 1.51425471089103, 1.5205102183602073, 1.4771099253134294, 1.433246449990706, 1.3953596190972761, 1.4427609660408713, 1.3921079202131792, 1.4247142726724797, 1.4395675442435525, 1.4034806977618823, 1.4201350645585493, 1.4075993678786538, 1.4172920747236772, 1.4105837995355779, 1.397133708000183, 1.3884527412327854, 1.431236277927052, 1.415533185005188, 1.342721093784679, 1.3316668272018433, 1.394923594864932, 1.3940407742153516], "classifier": [0.5060320659117266, 0.4555291777307337, 0.42273095521059906, 0.3936383507468484, 0.3724563582377, 0.35589132525704126, 0.3347659002650868, 0.31968504732305353, 0.32645362615585327, 0.3148281100121411, 0.3110308592969721, 0.3002102402123538, 0.31032268702983856, 0.3115109611641277, 0.3032985966313969, 0.3021905205466531, 0.289615045894276, 0.2963799847797914, 0.29893195764584973, 0.29177619923244824, 0.2955709289420735, 0.29077871279283, 0.2878482409498908, 0.2981378192251379, 0.28727505830201233, 0.2908631671558727, 0.28855423764749005, 0.2740425887432965, 0.2886918918652968, 0.29086648469621484, 0.2889967506582087, 0.2845333760434931, 0.29265534606846894, 0.2866448611021042, 0.29321862892671063, 0.2795253964987668, 0.2753013236956163, 0.27926845306699927, 0.29084392162886535, 0.28248273648998956], "box_reg": [0.7559489824555137, 0.7359753359447826, 0.7281526002016935, 0.6998561458154158, 0.6590645259076898, 0.6480510830879211, 0.643661455674605, 0.6090607263825156, 0.6000280976295471, 0.5723778361623938, 0.5721846954389052, 0.5327801623127677, 0.532553645697507, 0.544429976831783, 0.5210542814298109, 0.515891205180775, 0.5059374543753538, 0.49376603960990906, 0.5005767209963365, 0.5035572783513502, 0.4930955605073409, 0.480814283544367, 0.4707126834175803, 0.48661303520202637, 0.46823714538054034, 0.47430444305593317, 0.46997400576418097, 0.4695373909039931, 0.47526188601147046, 0.46257822892882605, 0.4743520644578067, 0.46440628983757715, 0.45531902800906787, 0.4751420400359414, 0.46512358567931433, 0.4570018540729176, 0.45332978530363605, 0.4402006972919811, 0.462139137766578, 0.45943922617218713],