{"train_loss": [1.8246946084883906, 1.5828245149504754, 1.3657141795081478, 1.2494771044100486, 1.1293516284035099, 1.0097878100410584, 0.966013599787989, 0.9026067530916583, 0.8448985002694591, 0.8303166770165966, 0.8108959097054697, 0.7823731036916856, 0.7396442695971458, 0.7232727287277099, 0.6961488747789014, 0.6861616570142007, 0.6976853061106897, 0.6748097233714596, 0.6570742309093476, 0.6271901918995765], "validation_loss": [2.3862841562791304, 2.2473902268843218, 2.2249896851452915, 2.0032850829037754, 2.115583734078841, 1.85794029452584, 1.8256220925938, 1.8633079420436511, 1.847245758230036, 1.773375933820551, 1.8151414827866987, 1.779156825759194, 1.7968232306567105, 1.7679769234223799, 1.725840611891313, 1.7737582163377241, 1.7605270472439853, 1.8194486661390825, 1.7524149959737605, 1.8017821528694846], "epoch": [0, 1, 2, 3, 4, 5, 6, 7, 8, 9, 10, 11, 12, 13, 14, 15, 16, 17, 18, 19], "best_val": [[0, 2.3862841562791304], [1, 2.2473902268843218], [2, 2.2249896851452915], [3, 2.0032850829037754], [5, 1.85794029452584], [6, 1.8256220925938], [9, 1.773375933820551], [13, 1.7679769234223799], [14, 1.725840611891313]]}