{"train_loss": {"total": [1.0290179168985736, 0.6696291122705705, 0.5905980894642492, 0.5525245010852814, 0.5222368213438219, 0.49372140957463173, 0.467172260390174, 0.44669920119547074, 0.43061516097476404, 0.4122495891105744, 0.3951811499653324, 0.3831354387825535, 0.37640592008829116, 0.3653681170555853, 0.3525427801955131, 0.3444706968242122, 0.33856135890368494, 0.32702816907436616, 0.3284914577199567, 0.3219978547865345, 0.3155985500062666, 0.30266035213585823, 0.2946915335232212, 0.29223342879164604, 0.29011523281374285, 0.28243560565094794, 0.27491016777292376, 0.27301659516749843, 0.27313100685996394, 0.26719413519867, 0.2613072096340118, 0.2564164240994761, 0.25806639055090563, 0.2580201973357508, 0.2559114745547695, 0.24877617786968909, 0.24550597196625126, 0.2394354752955898, 0.23810739589314306, 0.23360886876621553, 0.23098681506610685, 0.23107630288408648, 0.22730585596253794, 0.22527379254179616, 0.22660286998556506, 0.22192128146848372, 0.22180485547550263, 0.22024655952568978, 0.21780807856590517, 0.2163801100465559], "classifier": [0.22327243488642476, 0.14951414603499635, 0.13386929414926035, 0.12359164829456037, 0.11558670892470306, 0.10569567662333289, 0.10084118652307698, 0.09508706666529179, 0.09037733284996882, 0.08537665287994088, 0.08018553962089843, 0.07650445768789899, 0.07577082981625873, 0.07202246094182614, 0.06846345277172664, 0.06531700396519755, 0.06296158698011911, 0.05996847643907512, 0.0607489716111412, 0.05924247829844394, 0.056604647286416544, 0.053947225632146004, 0.05096679084723996, 0.051759313569674566, 0.051101539141288205, 0.04970572920621283, 0.04731134479009216, 0.0469858682549168, 0.046790376798279826, 0.04541598397547439, 0.04393410819672769, 0.04197586842872683, 0.04249906511414015, 0.04308618617679683, 0.041551424223448964, 0.04032593845359741, 0.04017009716330757, 0.03777066505393915, 0.03940856439782487, 0.03791540336735066, 0.036758401938113236, 0.037103389535519865, 0.035331376612697155, 0.03447175934805625, 0.03656748954972793, 0.03428941105845414, 0.03397271583803118, 0.03350651544338513, 0.03374065933598867, 0.03313866249537246], "box_reg": [0.4002827457602947, 0.2580953321870296, 0.22827137920164292, 0.21139881002806848, 0.1994642975710092, 0.1887360174088709, 0.1738448212944692, 0.16634035196395652, 0.1587439271711534, 0.15044951586713715, 0.14178528459442238, 0.13646966029679583, 0.13241288847019594, 0.12779587472398435, 0.12124234404895574, 0.11891518020701985, 0.11509889865354184, 0.10983551873735363, 0.1134301272190867, 0.10952691346887619, 0.1061443852591178, 0.09884981553881399, 0.09656245892326679, 0.09440054407102927, 0.09259895432680365, 0.0889582406969801, 0.08561395252003304, 0.08484805910397442, 0.08432310709068852, 0.08170720321697093, 0.07841068980614505, 0.07697998163921217, 0.07749054691784324, 0.07740706336954908, 0.07723931268818916, 0.07394322794711879, 0.07141689667478204, 0.06938875707977962, 0.06675356909512511, 0.06541879215848542, 0.06487391881284214, 0.06508750269009221, 0.06348430727788758, 0.061997822622558284, 0.060666791460807286, 0.06042762284257239, 0.059251427521268205, 0.05950660452607178, 0.0591467177885915, 0.0577528519405713], "mask": [0.2471289596730663, 0.1845543932049505, 0.17251428038843217, 0.16588886317706877, 0.16058410800272419, 0.1562991080745574, 0.15243110526953974, 0.1495915248990059, 0.14775287436862145, 0.14456539860656184, 0.1423027753829956, 0.14105029130174268, 0.13963551357869178, 0.13816539808627099, 0.13669452484576933, 0.13515092730522155, 0.134066392289054, 0.13287039115544289, 0.13117871356587257, 0.13075080057305674, 0.13036979850261443, 0.12840521523068027, 0.1277380377534897, 0.1263950130151164, 0.1264853566404312, 0.12491432981144997, 0.12404174535505233, 0.12350119799375534, 0.12338745646899746, 0.122461964141938, 0.12152729736220452, 0.12080573014193965, 0.1213480570143269, 0.12026942052668141, 0.12027468955324543, 0.1183475804425055, 0.11899207061336886, 0.11738535617628405, 0.11659343913197517, 0.11637888966548827, 0.11621098794764088, 0.1156847381063046, 0.11451546256580661, 0.11458024449886814, 0.11476421281695366, 0.11442843870289864, 0.11476564702968443, 0.11398534060966584, 0.1124151635554529, 0.11213392113004961], "objectness": [0.09804347656787403, 0.027028128232303706, 0.01600649520255355, 0.014470969437341762, 0.011112681799697325, 0.010112895390674595, 0.008115285815802054, 0.006824035400695133, 0.006590595474934221, 0.005928335542883419, 0.005762471501510581, 0.005515725645807012, 0.004231639858014733, 0.0046127962297862635, 0.004774441479507767, 0.0037790797267344685, 0.003794820249695183, 0.0035253522958526213, 0.004032550963508965, 0.0036796849689600944, 0.0031945721975995597, 0.0027666862230636335, 0.002546526067359786, 0.00282480477060803, 0.0031610086564122014, 0.0021361682398888192, 0.0025673424768632275, 0.0024716825396294993, 0.0023653800185324905, 0.0022269384898414325, 0.0020715671181799353, 0.0017373766775783165, 0.0022537964898821238, 0.0025028972115794, 0.002295720378849857, 0.002002382042297951, 0.0017076058651912629, 0.002121085440706433, 0.0021944316688258104, 0.0018019052574657273, 0.001662367326498644, 0.001829494827316305, 0.0018430005539929908, 0.0016812995353637733, 0.0021747916490393172, 0.0014216243742522796, 0.0015256353543192393, 0.001523661168246162, 0.0014942597757512444, 0.0016233527070345453], "rpn_box_reg": [0.06029030038918145, 0.0504371157778458, 0.03993663800271949, 0.03717420883871044, 0.035489023080234834, 0.03287771623755332, 0.03193986079527496, 0.02885622425251753, 0.027150431269875562, 0.025929689199784337, 0.025145079687612332, 0.023595305319007998, 0.024355047311010205, 0.022771586094031883, 0.021368018288514225, 0.021308507604742538, 0.022639661689631354, 0.02082842959720907, 0.019101092148107016, 0.01879797853933621, 0.019285144961195915, 0.018691410570904884, 0.01687771810740683, 0.016853752157658164, 0.016768374896679643, 0.01672113977631471, 0.015375782759257427, 0.01520978436469851, 0.01626468708112248, 0.015382045403968673, 0.01536354816328845, 0.014917468265799295, 0.014474924359708366, 0.014754631438195394, 0.014550326682022005, 0.01415704709840699, 0.013219301223492245, 0.012769612569131675, 0.013157390699956112, 0.012093879770174915, 0.011481139146998167, 0.011371178212137296, 0.012131708216263852, 0.012542665945598093, 0.012429585627697018, 0.011354184200473032, 0.012289430048014083, 0.011724436942040667, 0.011011277715290141, 0.011731322399176744]}, "val_loss": {"total": [1.2698554017327048, 1.1738163828849792, 1.1770140745423057, 1.2102082696827976, 1.1615929441018538, 1.1919786713340066, 1.1835551207715815, 1.1898365725170483, 1.183372443372553, 1.244708781892603, 1.2683527903123335, 1.2976130463860251, 1.2731038548729636, 1.3100713870742104, 1.267548750747334, 1.2998288382183423, 1.2735100713643162, 1.315186397595839, 1.4008505073460666, 1.358559413389726, 1.3831064646894282, 1.3563916303894736, 1.4216968579725786, 1.3805243101986973, 1.4653131365776062, 1.4298574870282954, 1.4485080404715105, 1.4510130502960898, 1.461942645636472, 1.3956621505997397, 1.4794699983163313, 1.5054862011562695, 1.4869283437728882, 1.519910915331407, 1.4699963331222534, 1.5160495367917148, 1.452760474248366, 1.5572424801913174, 1.57478036663749, 1.5205110528252341, 1.4948284517634998, 1.5187429948286577, 1.5562431378798052, 1.5448666540059177, 1.6099083640358665, 1.5510399829257617, 1.6415059024637395, 1.5059043873440137, 1.58370994979685, 1.6117521903731606],