{"train_loss": {"total": [3.205343867886451, 2.713525668267281, 2.479030376095926, 2.316094128547176, 2.1992680441948673, 2.115124174087278, 2.0519974647029753, 2.0056998537432764, 1.966451189594884, 1.931169416058448, 1.9002835304506362, 1.8715293076730544, 1.8454100647280294, 1.8205147820134318, 1.7984095373461324, 1.7785363497272615, 1.7591940633712275, 1.7418675422668457, 1.726648933656754, 1.7121353187868673, 1.6992531391882126, 1.6869218157183739, 1.6765501891413042, 1.666629417480961, 1.656628777134803, 1.6482908195064914, 1.6397902165689775, 1.6317686626988073, 1.6253262019926502, 1.6192857003981067, 1.6133396379409297, 1.6079559049298686, 1.602406055696549, 1.597266907845774, 1.5923983012476275, 1.5883067115660636, 1.5843136002940517, 1.5806648585104173, 1.5767448786766298, 1.5720558451068016, 1.5698094144944221, 1.5675256413798178, 1.5639655259347731, 1.5606666449577578, 1.5586663853737617, 1.5549050300352034, 1.5521459264139976, 1.5526781832018206, 1.5520971744291243, 1.5501954878530195], "classifier": [0.7015565279991396, 0.6403377052276366, 0.5964204961253751, 0.5606498783634555, 0.5295745740013738, 0.5014829950947916, 0.4744788340983852, 0.44952137451018054, 0.4256141416488155, 0.4029595551952239, 0.38216727424052455, 0.3626702380757178, 0.34459323508124196, 0.3275840699672699, 0.31233092719508754, 0.298575109435666, 0.2855579174334003, 0.2742303323841864, 0.26339248341898763, 0.2543950323135622, 0.2459244979004706, 0.238357707377403, 0.23165179159372085, 0.22574430016740676, 0.22006622586519486, 0.21561797544840844, 0.21121201608930865, 0.2075286140845668, 0.2041066510062064, 0.20115299183995494, 0.19815890519849716, 0.1955878118113164, 0.1935251929106251, 0.19163936234770282, 0.1898893039313055, 0.18831035730338866, 0.18675817936178177, 0.18560331620035633, 0.18467242979714948, 0.1833213506687072, 0.18256255071009359, 0.18273889814173022, 0.181582142869311, 0.18116794322286883, 0.18076752590075615, 0.1797201357781887, 0.1797841449658717, 0.17949885173190025, 0.1795756401073548, 0.179172675239463], "box_reg": [0.04191672008309979, 0.03712224183198545, 0.03560354402246547, 0.0339055426997572, 0.033887806688782746, 0.033712022421288214, 0.03255466490649738, 0.032730215394187856, 0.0326796072472315, 0.03263345705889796, 0.032423410620803256, 0.03267387109104499, 0.032679195107465926, 0.03271500483085307, 0.03322597900734118, 0.033425775969414144, 0.033676548462995747, 0.03379902578542955, 0.03471646546663138, 0.03478079619549868, 0.03523090253105282, 0.03544504202375632, 0.03597640580149845, 0.036684068279376536, 0.0372834354629665, 0.038047561810362236, 0.03837676690297573, 0.038642474684691536, 0.039573799855673816, 0.04030472852675537, 0.04110213203124247, 0.04177919681615388, 0.04216668424581463, 0.04250820437453278, 0.043380645292786686, 0.0440566883598935, 0.04478663029052944, 0.045691660962151104, 0.046016298398664675, 0.04630000550063297, 0.04784774197401167, 0.04829357145016172, 0.04879739566052693, 0.049030116127124206, 0.050046931784938, 0.05016487185833197, 0.050843187038751035, 0.05233055536536408, 0.05346710798073599, 0.05441684976543794], "mask": [1.6977136054346638, 1.2732186786590083, 1.0852806223976996, 0.960287260047851, 0.8750260266565507, 0.8194983743852184, 0.784683983748959, 0.7635556422895001, 0.7485842112571962, 0.7364320308931412, 0.7267686976540473, 0.7176729438766356, 0.7097645746123407, 0.7023215984144519, 0.695428789623322, 0.6892040260376469, 0.6830586448792488, 0.6773786287153921, 0.6723012691543948, 0.6673112798121668, 0.6623960591131641, 0.6579076568926534, 0.6541326826618564, 0.649836298342674, 0.6453510217128261, 0.6410628811005623, 0.6369979579602518, 0.6328110823708196, 0.6292571821520405, 0.6259259595024971, 0.622557157662607, 0.6194771851262738, 0.6159833471621237, 0.6127748495148074, 0.6094964917628996, 0.6066225386434986, 0.6039247141730401, 0.6009157344218223, 0.5980020526916751, 0.59501197953378, 0.5924438549626259, 0.5899891120772208, 0.5874380190526286, 0.5848324377690592, 0.5828640105262879, 0.5803752872251695, 0.577325471754997, 0.5771531703010682, 0.5760578132444812, 0.5740278020981819], "objectness": [0.6985613334563471, 0.6975812935060071, 0.6967524386221363, 0.6963203337884718, 0.6959741173251983, 0.6956378748339992, 0.6953035223868586, 0.6950708754601017, 0.6946650970366693, 0.6943135934491311, 0.6940354781766092, 0.6937218189239502, 0.6935313186337871, 0.6931323612889936, 0.69273228222324, 0.6925278067588806, 0.6921026564413502, 0.691715108963751, 0.6914250073894378, 0.6909672814030801, 0.6908582018267724, 0.6904807590669201, 0.6900317345896075, 0.6895967787311923, 0.6892102968308234, 0.6888259972295453, 0.688545359334638, 0.6880917791397341, 0.6877054891278667, 0.6873187807298475, 0.6869016555047804, 0.6865147206091111, 0.6861022929991445, 0.6856272989703763, 0.685022977090651, 0.6847349839825784, 0.6842799552025334, 0.6838927615073419, 0.6834404672345807, 0.6829179198511185, 0.6824641773777623, 0.6819570779800415, 0.6815986810191985, 0.6810509966265771, 0.6804928218164752, 0.6800297960158317, 0.6795564093897419, 0.6790952028766755, 0.6785007492188484, 0.6779864753446271], "rpn_box_reg": [0.065595669660721, 0.06526573818625747, 0.06497326532440756, 0.0649311144340543, 0.06480551628422203, 0.06479290203067414, 0.06497646575003126, 0.06482174205199455, 0.0649081431252266, 0.06483078070337914, 0.06488866885061256, 0.06479044607802925, 0.06484173865718466, 0.06476175113216853, 0.06469156461347254, 0.06480363695863484, 0.06479830396203926, 0.06474444005307892, 0.06481371281214149, 0.06468092690976787, 0.0648434735021569, 0.06473064565760714, 0.06475757548994865, 0.0647679700743362, 0.06471779482859757, 0.06473640923636154, 0.06465811622948686, 0.06469471242800806, 0.0646830763143953, 0.06458324632201824, 0.06461979037154496, 0.0645969831285202, 0.0646285307991709, 0.06471719218027447, 0.06460888151834238, 0.0645821427257972, 0.06456412795157503, 0.06456138342187079, 0.06461363128919695, 0.06450459639909828, 0.064491096726476, 0.06454697753558115, 0.06454928511539625, 0.06458515190076264, 0.06449508958293365, 0.0646149349596066, 0.06463671117990968, 0.06460041814904299, 0.06449585662358591, 0.06459168648504983]}, "val_loss": {"total": [3.6717553572221235, 3.274757818742232, 3.005778594450517, 2.8253755352713843, 2.686696009202437, 2.5933965769681064, 2.529180895198475, 2.4841237284920434, 2.448111989281394, 2.41696741364219, 2.3957733674482866, 2.37525673346086, 2.3547103188254614, 2.3383858637376265, 2.325135686180808, 2.3034944751045923, 2.2889580726623535, 2.2746104435487227, 2.258048274300315, 2.245123126290061, 2.2372993555935947, 2.227594592354514, 2.215418349612843, 2.2116448987614024, 2.2015605731443926, 2.1977372602982954, 2.1901798139918935, 2.183469848199324, 2.1796958554874766, 2.1778091083873403, 2.1780165867371992, 2.171681035648693, 2.167064905166626, 2.1680864745920356, 2.1639371893622656, 2.1613375707106157, 2.1565808057785034, 2.158450711857189, 2.1584584929726343, 2.1506881280378862, 2.1476795998486606, 2.144083608280529, 2.1392673037268897, 2.139808947389776, 2.1386200839822944, 2.1373384215615014, 2.13954356583682, 2.131888909773393, 2.1306044405156914, 2.1376609043641523],